4FF65800,CEEBDBA2,CEEBDBA2,0
4FF65800,CEEBDBA2,4FF65800,1
4FF65800,CEEBDBA2,4FBB6118,2
4FF65800,CEEBDBA2,5018A774,3
4FF65801,CEEBDBA3,CEEBDBA3,0
4FF65801,CEEBDBA3,4FF65801,1
4FF65801,CEEBDBA3,4FBB6118,2
4FF65801,CEEBDBA3,5018A775,3
4FF65802,CEEBDBA4,CEEBDBA4,0
4FF65802,CEEBDBA4,4FF65802,1
4FF65802,CEEBDBA4,4FBB6119,2
4FF65802,CEEBDBA4,5018A776,3
4FF65803,CEEBDBA5,CEEBDBA5,0
4FF65803,CEEBDBA5,4FF65803,1
4FF65803,CEEBDBA5,4FBB611A,2
4FF65803,CEEBDBA5,5018A776,3
4FF65804,CEEBDBA6,CEEBDBA6,0
4FF65804,CEEBDBA6,4FF65804,1
4FF65804,CEEBDBA6,4FBB611A,2
4FF65804,CEEBDBA6,5018A777,3
4FF65805,CEEBDBA7,CEEBDBA7,0
4FF65805,CEEBDBA7,4FF65805,1
4FF65805,CEEBDBA7,4FBB611B,2
4FF65805,CEEBDBA7,5018A777,3
4FF65806,CEEBDBA8,CEEBDBA8,0
4FF65806,CEEBDBA8,4FF65806,1
4FF65806,CEEBDBA8,4FBB611C,2
4FF65806,CEEBDBA8,5018A778,3
4FF65807,CEEBDBA9,CEEBDBA9,0
4FF65807,CEEBDBA9,4FF65807,1
4FF65807,CEEBDBA9,4FBB611D,2
4FF65807,CEEBDBA9,5018A779,3
4FF65808,CEEBDBAA,CEEBDBAA,0
4FF65808,CEEBDBAA,4FF65808,1
4FF65808,CEEBDBAA,4FBB611E,2
4FF65808,CEEBDBAA,5018A779,3
4FF65809,CEEBDBAB,CEEBDBAB,0
4FF65809,CEEBDBAB,4FF65809,1
4FF65809,CEEBDBAB,4FBB611E,2
4FF65809,CEEBDBAB,5018A77A,3
4FF6580A,CEEBDBAC,CEEBDBAC,0
4FF6580A,CEEBDBAC,4FF6580A,1
4FF6580A,CEEBDBAC,4FBB611F,2
4FF6580A,CEEBDBAC,5018A77A,3
4FF6580B,CEEBDBAD,CEEBDBAD,0
4FF6580B,CEEBDBAD,4FF6580B,1
4FF6580B,CEEBDBAD,4FBB6120,2
4FF6580B,CEEBDBAD,5018A77B,3
4FF6580C,CEEBDBAE,CEEBDBAE,0
4FF6580C,CEEBDBAE,4FF6580C,1
4FF6580C,CEEBDBAE,4FBB6120,2
4FF6580C,CEEBDBAE,5018A77C,3
4FF6580D,CEEBDBAF,CEEBDBAF,0
4FF6580D,CEEBDBAF,4FF6580D,1
4FF6580D,CEEBDBAF,4FBB6121,2
4FF6580D,CEEBDBAF,5018A77C,3
4FF6580E,CEEBDBB0,CEEBDBB0,0
4FF6580E,CEEBDBB0,4FF6580E,1
4FF6580E,CEEBDBB0,4FBB6122,2
4FF6580E,CEEBDBB0,5018A77D,3
4FF6580F,CEEBDBB1,CEEBDBB1,0
4FF6580F,CEEBDBB1,4FF6580F,1
4FF6580F,CEEBDBB1,4FBB6123,2
4FF6580F,CEEBDBB1,5018A77E,3
4FF65810,CEEBDBB2,CEEBDBB2,0
4FF65810,CEEBDBB2,4FF65810,1
4FF65810,CEEBDBB2,4FBB6124,2
4FF65810,CEEBDBB2,5018A77E,3
4FF65811,CEEBDBB3,CEEBDBB3,0
4FF65811,CEEBDBB3,4FF65811,1
4FF65811,CEEBDBB3,4FBB6124,2
4FF65811,CEEBDBB3,5018A77F,3
4FF65812,CEEBDBB4,CEEBDBB4,0
4FF65812,CEEBDBB4,4FF65812,1
4FF65812,CEEBDBB4,4FBB6125,2
4FF65812,CEEBDBB4,5018A780,3
4FF65813,CEEBDBB5,CEEBDBB5,0
4FF65813,CEEBDBB5,4FF65813,1
4FF65813,CEEBDBB5,4FBB6126,2
4FF65813,CEEBDBB5,5018A780,3
4FF65814,CEEBDBB6,CEEBDBB6,0
4FF65814,CEEBDBB6,4FF65814,1
4FF65814,CEEBDBB6,4FBB6126,2
4FF65814,CEEBDBB6,5018A781,3
4FF65815,CEEBDBB7,CEEBDBB7,0
4FF65815,CEEBDBB7,4FF65815,1
4FF65815,CEEBDBB7,4FBB6127,2
4FF65815,CEEBDBB7,5018A781,3
4FF65816,CEEBDBB8,CEEBDBB8,0
4FF65816,CEEBDBB8,4FF65816,1
4FF65816,CEEBDBB8,4FBB6128,2
4FF65816,CEEBDBB8,5018A782,3
4FF65817,CEEBDBB9,CEEBDBB9,0
4FF65817,CEEBDBB9,4FF65817,1
4FF65817,CEEBDBB9,4FBB6129,2
4FF65817,CEEBDBB9,5018A783,3
4FF65818,CEEBDBBA,CEEBDBBA,0
4FF65818,CEEBDBBA,4FF65818,1
4FF65818,CEEBDBBA,4FBB612A,2
4FF65818,CEEBDBBA,5018A783,3
4FF65819,CEEBDBBB,CEEBDBBB,0
4FF65819,CEEBDBBB,4FF65819,1
4FF65819,CEEBDBBB,4FBB612A,2
4FF65819,CEEBDBBB,5018A784,3
4FF6581A,CEEBDBBC,CEEBDBBC,0
4FF6581A,CEEBDBBC,4FF6581A,1
4FF6581A,CEEBDBBC,4FBB612B,2
4FF6581A,CEEBDBBC,5018A784,3
4FF6581B,CEEBDBBD,CEEBDBBD,0
4FF6581B,CEEBDBBD,4FF6581B,1
4FF6581B,CEEBDBBD,4FBB612C,2
4FF6581B,CEEBDBBD,5018A785,3
4FF6581C,CEEBDBBE,CEEBDBBE,0
4FF6581C,CEEBDBBE,4FF6581C,1
4FF6581C,CEEBDBBE,4FBB612C,2
4FF6581C,CEEBDBBE,5018A786,3
4FF6581D,CEEBDBBF,CEEBDBBF,0
4FF6581D,CEEBDBBF,4FF6581D,1
4FF6581D,CEEBDBBF,4FBB612D,2
4FF6581D,CEEBDBBF,5018A786,3
4FF6581E,CEEBDBC0,CEEBDBC0,0
4FF6581E,CEEBDBC0,4FF6581E,1
4FF6581E,CEEBDBC0,4FBB612E,2
4FF6581E,CEEBDBC0,5018A787,3
4FF6581F,CEEBDBC1,CEEBDBC1,0
4FF6581F,CEEBDBC1,4FF6581F,1
4FF6581F,CEEBDBC1,4FBB612F,2
4FF6581F,CEEBDBC1,5018A788,3
4FF65820,CEEBDBC2,CEEBDBC2,0
4FF65820,CEEBDBC2,4FF65820,1
4FF65820,CEEBDBC2,4FBB6130,2
4FF65820,CEEBDBC2,5018A788,3
4FF65821,CEEBDBC3,CEEBDBC3,0
4FF65821,CEEBDBC3,4FF65821,1
4FF65821,CEEBDBC3,4FBB6130,2
4FF65821,CEEBDBC3,5018A789,3
4FF65822,CEEBDBC4,CEEBDBC4,0
4FF65822,CEEBDBC4,4FF65822,1
4FF65822,CEEBDBC4,4FBB6131,2
4FF65822,CEEBDBC4,5018A78A,3
4FF65823,CEEBDBC5,CEEBDBC5,0
4FF65823,CEEBDBC5,4FF65823,1
4FF65823,CEEBDBC5,4FBB6132,2
4FF65823,CEEBDBC5,5018A78A,3
4FF65824,CEEBDBC6,CEEBDBC6,0
4FF65824,CEEBDBC6,4FF65824,1
4FF65824,CEEBDBC6,4FBB6132,2
4FF65824,CEEBDBC6,5018A78B,3
4FF65825,CEEBDBC7,CEEBDBC7,0
4FF65825,CEEBDBC7,4FF65825,1
4FF65825,CEEBDBC7,4FBB6133,2
4FF65825,CEEBDBC7,5018A78B,3
4FF65826,CEEBDBC8,CEEBDBC8,0
4FF65826,CEEBDBC8,4FF65826,1
4FF65826,CEEBDBC8,4FBB6134,2
4FF65826,CEEBDBC8,5018A78C,3
4FF65827,CEEBDBC9,CEEBDBC9,0
4FF65827,CEEBDBC9,4FF65827,1
4FF65827,CEEBDBC9,4FBB6135,2
4FF65827,CEEBDBC9,5018A78D,3
4FF65828,CEEBDBCA,CEEBDBCA,0
4FF65828,CEEBDBCA,4FF65828,1
4FF65828,CEEBDBCA,4FBB6136,2
4FF65828,CEEBDBCA,5018A78D,3
4FF65829,CEEBDBCB,CEEBDBCB,0
4FF65829,CEEBDBCB,4FF65829,1
4FF65829,CEEBDBCB,4FBB6136,2
4FF65829,CEEBDBCB,5018A78E,3
4FF6582A,CEEBDBCC,CEEBDBCC,0
4FF6582A,CEEBDBCC,4FF6582A,1
4FF6582A,CEEBDBCC,4FBB6137,2
4FF6582A,CEEBDBCC,5018A78E,3
4FF6582B,CEEBDBCD,CEEBDBCD,0
4FF6582B,CEEBDBCD,4FF6582B,1
4FF6582B,CEEBDBCD,4FBB6138,2
4FF6582B,CEEBDBCD,5018A78F,3
4FF6582C,CEEBDBCE,CEEBDBCE,0
4FF6582C,CEEBDBCE,4FF6582C,1
4FF6582C,CEEBDBCE,4FBB6138,2
4FF6582C,CEEBDBCE,5018A790,3
4FF6582D,CEEBDBCF,CEEBDBCF,0
4FF6582D,CEEBDBCF,4FF6582D,1
4FF6582D,CEEBDBCF,4FBB6139,2
4FF6582D,CEEBDBCF,5018A790,3
4FF6582E,CEEBDBD0,CEEBDBD0,0
4FF6582E,CEEBDBD0,4FF6582E,1
4FF6582E,CEEBDBD0,4FBB613A,2
4FF6582E,CEEBDBD0,5018A791,3
4FF6582F,CEEBDBD1,CEEBDBD1,0
4FF6582F,CEEBDBD1,4FF6582F,1
4FF6582F,CEEBDBD1,4FBB613B,2
4FF6582F,CEEBDBD1,5018A792,3
4FF65830,CEEBDBD2,CEEBDBD2,0
4FF65830,CEEBDBD2,4FF65830,1
4FF65830,CEEBDBD2,4FBB613C,2
4FF65830,CEEBDBD2,5018A792,3
4FF65831,CEEBDBD3,CEEBDBD3,0
4FF65831,CEEBDBD3,4FF65831,1
4FF65831,CEEBDBD3,4FBB613C,2
4FF65831,CEEBDBD3,5018A793,3
4FF65832,CEEBDBD4,CEEBDBD4,0
4FF65832,CEEBDBD4,4FF65832,1
4FF65832,CEEBDBD4,4FBB613D,2
4FF65832,CEEBDBD4,5018A794,3
4FF65833,CEEBDBD5,CEEBDBD5,0
4FF65833,CEEBDBD5,4FF65833,1
4FF65833,CEEBDBD5,4FBB613E,2
4FF65833,CEEBDBD5,5018A794,3
4FF65834,CEEBDBD6,CEEBDBD6,0
4FF65834,CEEBDBD6,4FF65834,1
4FF65834,CEEBDBD6,4FBB613E,2
4FF65834,CEEBDBD6,5018A795,3
4FF65835,CEEBDBD7,CEEBDBD7,0
4FF65835,CEEBDBD7,4FF65835,1
4FF65835,CEEBDBD7,4FBB613F,2
4FF65835,CEEBDBD7,5018A795,3
4FF65836,CEEBDBD8,CEEBDBD8,0
4FF65836,CEEBDBD8,4FF65836,1
4FF65836,CEEBDBD8,4FBB6140,2
4FF65836,CEEBDBD8,5018A796,3
4FF65837,CEEBDBD9,CEEBDBD9,0
4FF65837,CEEBDBD9,4FF65837,1
4FF65837,CEEBDBD9,4FBB6141,2
4FF65837,CEEBDBD9,5018A797,3
4FF65838,CEEBDBDA,CEEBDBDA,0
4FF65838,CEEBDBDA,4FF65838,1
4FF65838,CEEBDBDA,4FBB6142,2
4FF65838,CEEBDBDA,5018A797,3
4FF65839,CEEBDBDB,CEEBDBDB,0
4FF65839,CEEBDBDB,4FF65839,1
4FF65839,CEEBDBDB,4FBB6142,2
4FF65839,CEEBDBDB,5018A798,3
4FF6583A,CEEBDBDC,CEEBDBDC,0
4FF6583A,CEEBDBDC,4FF6583A,1
4FF6583A,CEEBDBDC,4FBB6143,2
4FF6583A,CEEBDBDC,5018A798,3
4FF6583B,CEEBDBDD,CEEBDBDD,0
4FF6583B,CEEBDBDD,4FF6583B,1
4FF6583B,CEEBDBDD,4FBB6144,2
4FF6583B,CEEBDBDD,5018A799,3
4FF6583C,CEEBDBDE,CEEBDBDE,0
4FF6583C,CEEBDBDE,4FF6583C,1
4FF6583C,CEEBDBDE,4FBB6144,2
4FF6583C,CEEBDBDE,5018A79A,3
4FF6583D,CEEBDBDF,CEEBDBDF,0
4FF6583D,CEEBDBDF,4FF6583D,1
4FF6583D,CEEBDBDF,4FBB6145,2
4FF6583D,CEEBDBDF,5018A79A,3
4FF6583E,CEEBDBE0,CEEBDBE0,0
4FF6583E,CEEBDBE0,4FF6583E,1
4FF6583E,CEEBDBE0,4FBB6146,2
4FF6583E,CEEBDBE0,5018A79B,3
4FF6583F,CEEBDBE1,CEEBDBE1,0
4FF6583F,CEEBDBE1,4FF6583F,1
4FF6583F,CEEBDBE1,4FBB6147,2
4FF6583F,CEEBDBE1,5018A79C,3
4FF65840,CEEBDBE2,CEEBDBE2,0
4FF65840,CEEBDBE2,4FF65840,1
4FF65840,CEEBDBE2,4FBB6148,2
4FF65840,CEEBDBE2,5018A79C,3
4FF65841,CEEBDBE3,CEEBDBE3,0
4FF65841,CEEBDBE3,4FF65841,1
4FF65841,CEEBDBE3,4FBB6148,2
4FF65841,CEEBDBE3,5018A79D,3
4FF65842,CEEBDBE4,CEEBDBE4,0
4FF65842,CEEBDBE4,4FF65842,1
4FF65842,CEEBDBE4,4FBB6149,2
4FF65842,CEEBDBE4,5018A79E,3
4FF65843,CEEBDBE5,CEEBDBE5,0
4FF65843,CEEBDBE5,4FF65843,1
4FF65843,CEEBDBE5,4FBB614A,2
4FF65843,CEEBDBE5,5018A79E,3
4FF65844,CEEBDBE6,CEEBDBE6,0
4FF65844,CEEBDBE6,4FF65844,1
4FF65844,CEEBDBE6,4FBB614A,2
4FF65844,CEEBDBE6,5018A79F,3
4FF65845,CEEBDBE7,CEEBDBE7,0
4FF65845,CEEBDBE7,4FF65845,1
4FF65845,CEEBDBE7,4FBB614B,2
4FF65845,CEEBDBE7,5018A79F,3
4FF65846,CEEBDBE8,CEEBDBE8,0
4FF65846,CEEBDBE8,4FF65846,1
4FF65846,CEEBDBE8,4FBB614C,2
4FF65846,CEEBDBE8,5018A7A0,3
4FF65847,CEEBDBE9,CEEBDBE9,0
4FF65847,CEEBDBE9,4FF65847,1
4FF65847,CEEBDBE9,4FBB614D,2
4FF65847,CEEBDBE9,5018A7A1,3
4FF65848,CEEBDBEA,CEEBDBEA,0
4FF65848,CEEBDBEA,4FF65848,1
4FF65848,CEEBDBEA,4FBB614E,2
4FF65848,CEEBDBEA,5018A7A1,3
4FF65849,CEEBDBEB,CEEBDBEB,0
4FF65849,CEEBDBEB,4FF65849,1
4FF65849,CEEBDBEB,4FBB614E,2
4FF65849,CEEBDBEB,5018A7A2,3
4FF6584A,CEEBDBEC,CEEBDBEC,0
4FF6584A,CEEBDBEC,4FF6584A,1
4FF6584A,CEEBDBEC,4FBB614F,2
4FF6584A,CEEBDBEC,5018A7A2,3
4FF6584B,CEEBDBED,CEEBDBED,0
4FF6584B,CEEBDBED,4FF6584B,1
4FF6584B,CEEBDBED,4FBB6150,2
4FF6584B,CEEBDBED,5018A7A3,3
4FF6584C,CEEBDBEE,CEEBDBEE,0
4FF6584C,CEEBDBEE,4FF6584C,1
4FF6584C,CEEBDBEE,4FBB6150,2
4FF6584C,CEEBDBEE,5018A7A4,3
4FF6584D,CEEBDBEF,CEEBDBEF,0
4FF6584D,CEEBDBEF,4FF6584D,1
4FF6584D,CEEBDBEF,4FBB6151,2
4FF6584D,CEEBDBEF,5018A7A4,3
4FF6584E,CEEBDBF0,CEEBDBF0,0
4FF6584E,CEEBDBF0,4FF6584E,1
4FF6584E,CEEBDBF0,4FBB6152,2
4FF6584E,CEEBDBF0,5018A7A5,3
4FF6584F,CEEBDBF1,CEEBDBF1,0
4FF6584F,CEEBDBF1,4FF6584F,1
4FF6584F,CEEBDBF1,4FBB6153,2
4FF6584F,CEEBDBF1,5018A7A6,3
4FF65850,CEEBDBF2,CEEBDBF2,0
4FF65850,CEEBDBF2,4FF65850,1
4FF65850,CEEBDBF2,4FBB6154,2
4FF65850,CEEBDBF2,5018A7A6,3
4FF65851,CEEBDBF3,CEEBDBF3,0
4FF65851,CEEBDBF3,4FF65851,1
4FF65851,CEEBDBF3,4FBB6154,2
4FF65851,CEEBDBF3,5018A7A7,3
4FF65852,CEEBDBF4,CEEBDBF4,0
4FF65852,CEEBDBF4,4FF65852,1
4FF65852,CEEBDBF4,4FBB6155,2
4FF65852,CEEBDBF4,5018A7A8,3
4FF65853,CEEBDBF5,CEEBDBF5,0
4FF65853,CEEBDBF5,4FF65853,1
4FF65853,CEEBDBF5,4FBB6156,2
4FF65853,CEEBDBF5,5018A7A8,3
4FF65854,CEEBDBF6,CEEBDBF6,0
4FF65854,CEEBDBF6,4FF65854,1
4FF65854,CEEBDBF6,4FBB6156,2
4FF65854,CEEBDBF6,5018A7A9,3
4FF65855,CEEBDBF7,CEEBDBF7,0
4FF65855,CEEBDBF7,4FF65855,1
4FF65855,CEEBDBF7,4FBB6157,2
4FF65855,CEEBDBF7,5018A7A9,3
4FF65856,CEEBDBF8,CEEBDBF8,0
4FF65856,CEEBDBF8,4FF65856,1
4FF65856,CEEBDBF8,4FBB6158,2
4FF65856,CEEBDBF8,5018A7AA,3
4FF65857,CEEBDBF9,CEEBDBF9,0
4FF65857,CEEBDBF9,4FF65857,1
4FF65857,CEEBDBF9,4FBB6159,2
4FF65857,CEEBDBF9,5018A7AB,3
4FF65858,CEEBDBFA,CEEBDBFA,0
4FF65858,CEEBDBFA,4FF65858,1
4FF65858,CEEBDBFA,4FBB615A,2
4FF65858,CEEBDBFA,5018A7AB,3
4FF65859,CEEBDBFB,CEEBDBFB,0
4FF65859,CEEBDBFB,4FF65859,1
4FF65859,CEEBDBFB,4FBB615A,2
4FF65859,CEEBDBFB,5018A7AC,3
4FF6585A,CEEBDBFC,CEEBDBFC,0
4FF6585A,CEEBDBFC,4FF6585A,1
4FF6585A,CEEBDBFC,4FBB615B,2
4FF6585A,CEEBDBFC,5018A7AC,3
4FF6585B,CEEBDBFD,CEEBDBFD,0
4FF6585B,CEEBDBFD,4FF6585B,1
4FF6585B,CEEBDBFD,4FBB615C,2
4FF6585B,CEEBDBFD,5018A7AD,3
4FF6585C,CEEBDBFE,CEEBDBFE,0
4FF6585C,CEEBDBFE,4FF6585C,1
4FF6585C,CEEBDBFE,4FBB615C,2
4FF6585C,CEEBDBFE,5018A7AE,3
4FF6585D,CEEBDBFF,CEEBDBFF,0
4FF6585D,CEEBDBFF,4FF6585D,1
4FF6585D,CEEBDBFF,4FBB615D,2
4FF6585D,CEEBDBFF,5018A7AE,3
4FF6585E,CEEBDC00,CEEBDC00,0
4FF6585E,CEEBDC00,4FF6585E,1
4FF6585E,CEEBDC00,4FBB615E,2
4FF6585E,CEEBDC00,5018A7AF,3
4FF6585F,CEEBDC01,CEEBDC01,0
4FF6585F,CEEBDC01,4FF6585F,1
4FF6585F,CEEBDC01,4FBB615F,2
4FF6585F,CEEBDC01,5018A7B0,3
4FF65860,CEEBDC02,CEEBDC02,0
4FF65860,CEEBDC02,4FF65860,1
4FF65860,CEEBDC02,4FBB6160,2
4FF65860,CEEBDC02,5018A7B0,3
4FF65861,CEEBDC03,CEEBDC03,0
4FF65861,CEEBDC03,4FF65861,1
4FF65861,CEEBDC03,4FBB6160,2
4FF65861,CEEBDC03,5018A7B1,3
4FF65862,CEEBDC04,CEEBDC04,0
4FF65862,CEEBDC04,4FF65862,1
4FF65862,CEEBDC04,4FBB6161,2
4FF65862,CEEBDC04,5018A7B2,3
4FF65863,CEEBDC05,CEEBDC05,0
4FF65863,CEEBDC05,4FF65863,1
4FF65863,CEEBDC05,4FBB6162,2
4FF65863,CEEBDC05,5018A7B2,3
4FF65864,CEEBDC06,CEEBDC06,0
4FF65864,CEEBDC06,4FF65864,1
4FF65864,CEEBDC06,4FBB6162,2
4FF65864,CEEBDC06,5018A7B3,3
4FF65865,CEEBDC07,CEEBDC07,0
4FF65865,CEEBDC07,4FF65865,1
4FF65865,CEEBDC07,4FBB6163,2
4FF65865,CEEBDC07,5018A7B3,3
4FF65866,CEEBDC08,CEEBDC08,0
4FF65866,CEEBDC08,4FF65866,1
4FF65866,CEEBDC08,4FBB6164,2
4FF65866,CEEBDC08,5018A7B4,3
4FF65867,CEEBDC09,CEEBDC09,0
4FF65867,CEEBDC09,4FF65867,1
4FF65867,CEEBDC09,4FBB6165,2
4FF65867,CEEBDC09,5018A7B5,3
4FF65868,CEEBDC0A,CEEBDC0A,0
4FF65868,CEEBDC0A,4FF65868,1
4FF65868,CEEBDC0A,4FBB6166,2
4FF65868,CEEBDC0A,5018A7B5,3
4FF65869,CEEBDC0B,CEEBDC0B,0
4FF65869,CEEBDC0B,4FF65869,1
4FF65869,CEEBDC0B,4FBB6166,2
4FF65869,CEEBDC0B,5018A7B6,3
4FF6586A,CEEBDC0C,CEEBDC0C,0
4FF6586A,CEEBDC0C,4FF6586A,1
4FF6586A,CEEBDC0C,4FBB6167,2
4FF6586A,CEEBDC0C,5018A7B6,3
4FF6586B,CEEBDC0D,CEEBDC0D,0
4FF6586B,CEEBDC0D,4FF6586B,1
4FF6586B,CEEBDC0D,4FBB6168,2
4FF6586B,CEEBDC0D,5018A7B7,3
4FF6586C,CEEBDC0E,CEEBDC0E,0
4FF6586C,CEEBDC0E,4FF6586C,1
4FF6586C,CEEBDC0E,4FBB6168,2
4FF6586C,CEEBDC0E,5018A7B8,3
4FF6586D,CEEBDC0F,CEEBDC0F,0
4FF6586D,CEEBDC0F,4FF6586D,1
4FF6586D,CEEBDC0F,4FBB6169,2
4FF6586D,CEEBDC0F,5018A7B8,3
4FF6586E,CEEBDC10,CEEBDC10,0
4FF6586E,CEEBDC10,4FF6586E,1
4FF6586E,CEEBDC10,4FBB616A,2
4FF6586E,CEEBDC10,5018A7B9,3
4FF6586F,CEEBDC11,CEEBDC11,0
4FF6586F,CEEBDC11,4FF6586F,1
4FF6586F,CEEBDC11,4FBB616B,2
4FF6586F,CEEBDC11,5018A7BA,3
4FF65870,CEEBDC12,CEEBDC12,0
4FF65870,CEEBDC12,4FF65870,1
4FF65870,CEEBDC12,4FBB616C,2
4FF65870,CEEBDC12,5018A7BA,3
4FF65871,CEEBDC13,CEEBDC13,0
4FF65871,CEEBDC13,4FF65871,1
4FF65871,CEEBDC13,4FBB616C,2
4FF65871,CEEBDC13,5018A7BB,3
4FF65872,CEEBDC14,CEEBDC14,0
4FF65872,CEEBDC14,4FF65872,1
4FF65872,CEEBDC14,4FBB616D,2
4FF65872,CEEBDC14,5018A7BC,3
4FF65873,CEEBDC15,CEEBDC15,0
4FF65873,CEEBDC15,4FF65873,1
4FF65873,CEEBDC15,4FBB616E,2
4FF65873,CEEBDC15,5018A7BC,3
4FF65874,CEEBDC16,CEEBDC16,0
4FF65874,CEEBDC16,4FF65874,1
4FF65874,CEEBDC16,4FBB616E,2
4FF65874,CEEBDC16,5018A7BD,3
4FF65875,CEEBDC17,CEEBDC17,0
4FF65875,CEEBDC17,4FF65875,1
4FF65875,CEEBDC17,4FBB616F,2
4FF65875,CEEBDC17,5018A7BD,3
4FF65876,CEEBDC18,CEEBDC18,0
4FF65876,CEEBDC18,4FF65876,1
4FF65876,CEEBDC18,4FBB6170,2
4FF65876,CEEBDC18,5018A7BE,3
4FF65877,CEEBDC19,CEEBDC19,0
4FF65877,CEEBDC19,4FF65877,1
4FF65877,CEEBDC19,4FBB6171,2
4FF65877,CEEBDC19,5018A7BF,3
4FF65878,CEEBDC1A,CEEBDC1A,0
4FF65878,CEEBDC1A,4FF65878,1
4FF65878,CEEBDC1A,4FBB6172,2
4FF65878,CEEBDC1A,5018A7BF,3
4FF65879,CEEBDC1B,CEEBDC1B,0
4FF65879,CEEBDC1B,4FF65879,1
4FF65879,CEEBDC1B,4FBB6172,2
4FF65879,CEEBDC1B,5018A7C0,3
4FF6587A,CEEBDC1C,CEEBDC1C,0
4FF6587A,CEEBDC1C,4FF6587A,1
4FF6587A,CEEBDC1C,4FBB6173,2
4FF6587A,CEEBDC1C,5018A7C0,3
4FF6587B,CEEBDC1D,CEEBDC1D,0
4FF6587B,CEEBDC1D,4FF6587B,1
4FF6587B,CEEBDC1D,4FBB6174,2
4FF6587B,CEEBDC1D,5018A7C1,3
4FF6587C,CEEBDC1E,CEEBDC1E,0
4FF6587C,CEEBDC1E,4FF6587C,1
4FF6587C,CEEBDC1E,4FBB6174,2
4FF6587C,CEEBDC1E,5018A7C2,3
4FF6587D,CEEBDC1F,CEEBDC1F,0
4FF6587D,CEEBDC1F,4FF6587D,1
4FF6587D,CEEBDC1F,4FBB6175,2
4FF6587D,CEEBDC1F,5018A7C2,3
4FF6587E,CEEBDC20,CEEBDC20,0
4FF6587E,CEEBDC20,4FF6587E,1
4FF6587E,CEEBDC20,4FBB6176,2
4FF6587E,CEEBDC20,5018A7C3,3
4FF6587F,CEEBDC21,CEEBDC21,0
4FF6587F,CEEBDC21,4FF6587F,1
4FF6587F,CEEBDC21,4FBB6177,2
4FF6587F,CEEBDC21,5018A7C4,3
4FF65880,CEEBDC22,CEEBDC22,0
4FF65880,CEEBDC22,4FF65880,1
4FF65880,CEEBDC22,4FBB6178,2
4FF65880,CEEBDC22,5018A7C4,3
4FF65881,CEEBDC23,CEEBDC23,0
4FF65881,CEEBDC23,4FF65881,1
4FF65881,CEEBDC23,4FBB6178,2
4FF65881,CEEBDC23,5018A7C5,3
4FF65882,CEEBDC24,CEEBDC24,0
4FF65882,CEEBDC24,4FF65882,1
4FF65882,CEEBDC24,4FBB6179,2
4FF65882,CEEBDC24,5018A7C6,3
4FF65883,CEEBDC25,CEEBDC25,0
4FF65883,CEEBDC25,4FF65883,1
4FF65883,CEEBDC25,4FBB617A,2
4FF65883,CEEBDC25,5018A7C6,3
4FF65884,CEEBDC26,CEEBDC26,0
4FF65884,CEEBDC26,4FF65884,1
4FF65884,CEEBDC26,4FBB617A,2
4FF65884,CEEBDC26,5018A7C7,3
4FF65885,CEEBDC27,CEEBDC27,0
4FF65885,CEEBDC27,4FF65885,1
4FF65885,CEEBDC27,4FBB617B,2
4FF65885,CEEBDC27,5018A7C7,3
4FF65886,CEEBDC28,CEEBDC28,0
4FF65886,CEEBDC28,4FF65886,1
4FF65886,CEEBDC28,4FBB617C,2
4FF65886,CEEBDC28,5018A7C8,3
4FF65887,CEEBDC29,CEEBDC29,0
4FF65887,CEEBDC29,4FF65887,1
4FF65887,CEEBDC29,4FBB617D,2
4FF65887,CEEBDC29,5018A7C9,3
4FF65888,CEEBDC2A,CEEBDC2A,0
4FF65888,CEEBDC2A,4FF65888,1
4FF65888,CEEBDC2A,4FBB617E,2
4FF65888,CEEBDC2A,5018A7C9,3
4FF65889,CEEBDC2B,CEEBDC2B,0
4FF65889,CEEBDC2B,4FF65889,1
4FF65889,CEEBDC2B,4FBB617E,2
4FF65889,CEEBDC2B,5018A7CA,3
4FF6588A,CEEBDC2C,CEEBDC2C,0
4FF6588A,CEEBDC2C,4FF6588A,1
4FF6588A,CEEBDC2C,4FBB617F,2
4FF6588A,CEEBDC2C,5018A7CA,3
4FF6588B,CEEBDC2D,CEEBDC2D,0
4FF6588B,CEEBDC2D,4FF6588B,1
4FF6588B,CEEBDC2D,4FBB6180,2
4FF6588B,CEEBDC2D,5018A7CB,3
4FF6588C,CEEBDC2E,CEEBDC2E,0
4FF6588C,CEEBDC2E,4FF6588C,1
4FF6588C,CEEBDC2E,4FBB6180,2
4FF6588C,CEEBDC2E,5018A7CC,3
4FF6588D,CEEBDC2F,CEEBDC2F,0
4FF6588D,CEEBDC2F,4FF6588D,1
4FF6588D,CEEBDC2F,4FBB6181,2
4FF6588D,CEEBDC2F,5018A7CC,3
4FF6588E,CEEBDC30,CEEBDC30,0
4FF6588E,CEEBDC30,4FF6588E,1
4FF6588E,CEEBDC30,4FBB6182,2
4FF6588E,CEEBDC30,5018A7CD,3
4FF6588F,CEEBDC31,CEEBDC31,0
4FF6588F,CEEBDC31,4FF6588F,1
4FF6588F,CEEBDC31,4FBB6183,2
4FF6588F,CEEBDC31,5018A7CE,3
4FF65890,CEEBDC32,CEEBDC32,0
4FF65890,CEEBDC32,4FF65890,1
4FF65890,CEEBDC32,4FBB6184,2
4FF65890,CEEBDC32,5018A7CE,3
4FF65891,CEEBDC33,CEEBDC33,0
4FF65891,CEEBDC33,4FF65891,1
4FF65891,CEEBDC33,4FBB6184,2
4FF65891,CEEBDC33,5018A7CF,3
4FF65892,CEEBDC34,CEEBDC34,0
4FF65892,CEEBDC34,4FF65892,1
4FF65892,CEEBDC34,4FBB6185,2
4FF65892,CEEBDC34,5018A7D0,3
4FF65893,CEEBDC35,CEEBDC35,0
4FF65893,CEEBDC35,4FF65893,1
4FF65893,CEEBDC35,4FBB6186,2
4FF65893,CEEBDC35,5018A7D0,3
4FF65894,CEEBDC36,CEEBDC36,0
4FF65894,CEEBDC36,4FF65894,1
4FF65894,CEEBDC36,4FBB6186,2
4FF65894,CEEBDC36,5018A7D1,3
4FF65895,CEEBDC37,CEEBDC37,0
4FF65895,CEEBDC37,4FF65895,1
4FF65895,CEEBDC37,4FBB6187,2
4FF65895,CEEBDC37,5018A7D1,3
4FF65896,CEEBDC38,CEEBDC38,0
4FF65896,CEEBDC38,4FF65896,1
4FF65896,CEEBDC38,4FBB6188,2
4FF65896,CEEBDC38,5018A7D2,3
4FF65897,CEEBDC39,CEEBDC39,0
4FF65897,CEEBDC39,4FF65897,1
4FF65897,CEEBDC39,4FBB6189,2
4FF65897,CEEBDC39,5018A7D3,3
4FF65898,CEEBDC3A,CEEBDC3A,0
4FF65898,CEEBDC3A,4FF65898,1
4FF65898,CEEBDC3A,4FBB618A,2
4FF65898,CEEBDC3A,5018A7D3,3
4FF65899,CEEBDC3B,CEEBDC3B,0
4FF65899,CEEBDC3B,4FF65899,1
4FF65899,CEEBDC3B,4FBB618A,2
4FF65899,CEEBDC3B,5018A7D4,3
4FF6589A,CEEBDC3C,CEEBDC3C,0
4FF6589A,CEEBDC3C,4FF6589A,1
4FF6589A,CEEBDC3C,4FBB618B,2
4FF6589A,CEEBDC3C,5018A7D4,3
4FF6589B,CEEBDC3D,CEEBDC3D,0
4FF6589B,CEEBDC3D,4FF6589B,1
4FF6589B,CEEBDC3D,4FBB618C,2
4FF6589B,CEEBDC3D,5018A7D5,3
4FF6589C,CEEBDC3E,CEEBDC3E,0
4FF6589C,CEEBDC3E,4FF6589C,1
4FF6589C,CEEBDC3E,4FBB618C,2
4FF6589C,CEEBDC3E,5018A7D6,3
4FF6589D,CEEBDC3F,CEEBDC3F,0
4FF6589D,CEEBDC3F,4FF6589D,1
4FF6589D,CEEBDC3F,4FBB618D,2
4FF6589D,CEEBDC3F,5018A7D6,3
4FF6589E,CEEBDC40,CEEBDC40,0
4FF6589E,CEEBDC40,4FF6589E,1
4FF6589E,CEEBDC40,4FBB618E,2
4FF6589E,CEEBDC40,5018A7D7,3
4FF6589F,CEEBDC41,CEEBDC41,0
4FF6589F,CEEBDC41,4FF6589F,1
4FF6589F,CEEBDC41,4FBB618F,2
4FF6589F,CEEBDC41,5018A7D8,3
4FF658A0,CEEBDC42,CEEBDC42,0
4FF658A0,CEEBDC42,4FF658A0,1
4FF658A0,CEEBDC42,4FBB6190,2
4FF658A0,CEEBDC42,5018A7D8,3
4FF658A1,CEEBDC43,CEEBDC43,0
4FF658A1,CEEBDC43,4FF658A1,1
4FF658A1,CEEBDC43,4FBB6190,2
4FF658A1,CEEBDC43,5018A7D9,3
4FF658A2,CEEBDC44,CEEBDC44,0
4FF658A2,CEEBDC44,4FF658A2,1
4FF658A2,CEEBDC44,4FBB6191,2
4FF658A2,CEEBDC44,5018A7DA,3
4FF658A3,CEEBDC45,CEEBDC45,0
4FF658A3,CEEBDC45,4FF658A3,1
4FF658A3,CEEBDC45,4FBB6192,2
4FF658A3,CEEBDC45,5018A7DA,3
4FF658A4,CEEBDC46,CEEBDC46,0
4FF658A4,CEEBDC46,4FF658A4,1
4FF658A4,CEEBDC46,4FBB6192,2
4FF658A4,CEEBDC46,5018A7DB,3
4FF658A5,CEEBDC47,CEEBDC47,0
4FF658A5,CEEBDC47,4FF658A5,1
4FF658A5,CEEBDC47,4FBB6193,2
4FF658A5,CEEBDC47,5018A7DB,3
4FF658A6,CEEBDC48,CEEBDC48,0
4FF658A6,CEEBDC48,4FF658A6,1
4FF658A6,CEEBDC48,4FBB6194,2
4FF658A6,CEEBDC48,5018A7DC,3
4FF658A7,CEEBDC49,CEEBDC49,0
4FF658A7,CEEBDC49,4FF658A7,1
4FF658A7,CEEBDC49,4FBB6195,2
4FF658A7,CEEBDC49,5018A7DD,3
4FF658A8,CEEBDC4A,CEEBDC4A,0
4FF658A8,CEEBDC4A,4FF658A8,1
4FF658A8,CEEBDC4A,4FBB6196,2
4FF658A8,CEEBDC4A,5018A7DD,3
4FF658A9,CEEBDC4B,CEEBDC4B,0
4FF658A9,CEEBDC4B,4FF658A9,1
4FF658A9,CEEBDC4B,4FBB6196,2
4FF658A9,CEEBDC4B,5018A7DE,3
4FF658AA,CEEBDC4C,CEEBDC4C,0
4FF658AA,CEEBDC4C,4FF658AA,1
4FF658AA,CEEBDC4C,4FBB6197,2
4FF658AA,CEEBDC4C,5018A7DE,3
4FF658AB,CEEBDC4D,CEEBDC4D,0
4FF658AB,CEEBDC4D,4FF658AB,1
4FF658AB,CEEBDC4D,4FBB6198,2
4FF658AB,CEEBDC4D,5018A7DF,3
4FF658AC,CEEBDC4E,CEEBDC4E,0
4FF658AC,CEEBDC4E,4FF658AC,1
4FF658AC,CEEBDC4E,4FBB6198,2
4FF658AC,CEEBDC4E,5018A7E0,3
4FF658AD,CEEBDC4F,CEEBDC4F,0
4FF658AD,CEEBDC4F,4FF658AD,1
4FF658AD,CEEBDC4F,4FBB6199,2
4FF658AD,CEEBDC4F,5018A7E0,3
4FF658AE,CEEBDC50,CEEBDC50,0
4FF658AE,CEEBDC50,4FF658AE,1
4FF658AE,CEEBDC50,4FBB619A,2
4FF658AE,CEEBDC50,5018A7E1,3
4FF658AF,CEEBDC51,CEEBDC51,0
4FF658AF,CEEBDC51,4FF658AF,1
4FF658AF,CEEBDC51,4FBB619B,2
4FF658AF,CEEBDC51,5018A7E2,3
4FF658B0,CEEBDC52,CEEBDC52,0
4FF658B0,CEEBDC52,4FF658B0,1
4FF658B0,CEEBDC52,4FBB619C,2
4FF658B0,CEEBDC52,5018A7E2,3
4FF658B1,CEEBDC53,CEEBDC53,0
4FF658B1,CEEBDC53,4FF658B1,1
4FF658B1,CEEBDC53,4FBB619C,2
4FF658B1,CEEBDC53,5018A7E3,3
4FF658B2,CEEBDC54,CEEBDC54,0
4FF658B2,CEEBDC54,4FF658B2,1
4FF658B2,CEEBDC54,4FBB619D,2
4FF658B2,CEEBDC54,5018A7E4,3
4FF658B3,CEEBDC55,CEEBDC55,0
4FF658B3,CEEBDC55,4FF658B3,1
4FF658B3,CEEBDC55,4FBB619E,2
4FF658B3,CEEBDC55,5018A7E4,3
4FF658B4,CEEBDC56,CEEBDC56,0
4FF658B4,CEEBDC56,4FF658B4,1
4FF658B4,CEEBDC56,4FBB619E,2
4FF658B4,CEEBDC56,5018A7E5,3
4FF658B5,CEEBDC57,CEEBDC57,0
4FF658B5,CEEBDC57,4FF658B5,1
4FF658B5,CEEBDC57,4FBB619F,2
4FF658B5,CEEBDC57,5018A7E5,3
4FF658B6,CEEBDC58,CEEBDC58,0
4FF658B6,CEEBDC58,4FF658B6,1
4FF658B6,CEEBDC58,4FBB61A0,2
4FF658B6,CEEBDC58,5018A7E6,3
4FF658B7,CEEBDC59,CEEBDC59,0
4FF658B7,CEEBDC59,4FF658B7,1
4FF658B7,CEEBDC59,4FBB61A1,2
4FF658B7,CEEBDC59,5018A7E7,3
4FF658B8,CEEBDC5A,CEEBDC5A,0
4FF658B8,CEEBDC5A,4FF658B8,1
4FF658B8,CEEBDC5A,4FBB61A2,2
4FF658B8,CEEBDC5A,5018A7E7,3
4FF658B9,CEEBDC5B,CEEBDC5B,0
4FF658B9,CEEBDC5B,4FF658B9,1
4FF658B9,CEEBDC5B,4FBB61A2,2
4FF658B9,CEEBDC5B,5018A7E8,3
4FF658BA,CEEBDC5C,CEEBDC5C,0
4FF658BA,CEEBDC5C,4FF658BA,1
4FF658BA,CEEBDC5C,4FBB61A3,2
4FF658BA,CEEBDC5C,5018A7E8,3
4FF658BB,CEEBDC5D,CEEBDC5D,0
4FF658BB,CEEBDC5D,4FF658BB,1
4FF658BB,CEEBDC5D,4FBB61A4,2
4FF658BB,CEEBDC5D,5018A7E9,3
4FF658BC,CEEBDC5E,CEEBDC5E,0
4FF658BC,CEEBDC5E,4FF658BC,1
4FF658BC,CEEBDC5E,4FBB61A4,2
4FF658BC,CEEBDC5E,5018A7EA,3
4FF658BD,CEEBDC5F,CEEBDC5F,0
4FF658BD,CEEBDC5F,4FF658BD,1
4FF658BD,CEEBDC5F,4FBB61A5,2
4FF658BD,CEEBDC5F,5018A7EA,3
4FF658BE,CEEBDC60,CEEBDC60,0
4FF658BE,CEEBDC60,4FF658BE,1
4FF658BE,CEEBDC60,4FBB61A6,2
4FF658BE,CEEBDC60,5018A7EB,3
4FF658BF,CEEBDC61,CEEBDC61,0
4FF658BF,CEEBDC61,4FF658BF,1
4FF658BF,CEEBDC61,4FBB61A7,2
4FF658BF,CEEBDC61,5018A7EC,3
4FF658C0,CEEBDC62,CEEBDC62,0
4FF658C0,CEEBDC62,4FF658C0,1
4FF658C0,CEEBDC62,4FBB61A8,2
4FF658C0,CEEBDC62,5018A7EC,3
4FF658C1,CEEBDC63,CEEBDC63,0
4FF658C1,CEEBDC63,4FF658C1,1
4FF658C1,CEEBDC63,4FBB61A8,2
4FF658C1,CEEBDC63,5018A7ED,3
4FF658C2,CEEBDC64,CEEBDC64,0
4FF658C2,CEEBDC64,4FF658C2,1
4FF658C2,CEEBDC64,4FBB61A9,2
4FF658C2,CEEBDC64,5018A7EE,3
4FF658C3,CEEBDC65,CEEBDC65,0
4FF658C3,CEEBDC65,4FF658C3,1
4FF658C3,CEEBDC65,4FBB61AA,2
4FF658C3,CEEBDC65,5018A7EE,3
4FF658C4,CEEBDC66,CEEBDC66,0
4FF658C4,CEEBDC66,4FF658C4,1
4FF658C4,CEEBDC66,4FBB61AA,2
4FF658C4,CEEBDC66,5018A7EF,3
4FF658C5,CEEBDC67,CEEBDC67,0
4FF658C5,CEEBDC67,4FF658C5,1
4FF658C5,CEEBDC67,4FBB61AB,2
4FF658C5,CEEBDC67,5018A7EF,3
4FF658C6,CEEBDC68,CEEBDC68,0
4FF658C6,CEEBDC68,4FF658C6,1
4FF658C6,CEEBDC68,4FBB61AC,2
4FF658C6,CEEBDC68,5018A7F0,3
4FF658C7,CEEBDC69,CEEBDC69,0
4FF658C7,CEEBDC69,4FF658C7,1
4FF658C7,CEEBDC69,4FBB61AD,2
4FF658C7,CEEBDC69,5018A7F1,3
4FF658C8,CEEBDC6A,CEEBDC6A,0
4FF658C8,CEEBDC6A,4FF658C8,1
4FF658C8,CEEBDC6A,4FBB61AE,2
4FF658C8,CEEBDC6A,5018A7F1,3
4FF658C9,CEEBDC6B,CEEBDC6B,0
4FF658C9,CEEBDC6B,4FF658C9,1
4FF658C9,CEEBDC6B,4FBB61AE,2
4FF658C9,CEEBDC6B,5018A7F2,3
4FF658CA,CEEBDC6C,CEEBDC6C,0
4FF658CA,CEEBDC6C,4FF658CA,1
4FF658CA,CEEBDC6C,4FBB61AF,2
4FF658CA,CEEBDC6C,5018A7F2,3
4FF658CB,CEEBDC6D,CEEBDC6D,0
4FF658CB,CEEBDC6D,4FF658CB,1
4FF658CB,CEEBDC6D,4FBB61B0,2
4FF658CB,CEEBDC6D,5018A7F3,3
4FF658CC,CEEBDC6E,CEEBDC6E,0
4FF658CC,CEEBDC6E,4FF658CC,1
4FF658CC,CEEBDC6E,4FBB61B0,2
4FF658CC,CEEBDC6E,5018A7F4,3
4FF658CD,CEEBDC6F,CEEBDC6F,0
4FF658CD,CEEBDC6F,4FF658CD,1
4FF658CD,CEEBDC6F,4FBB61B1,2
4FF658CD,CEEBDC6F,5018A7F4,3
4FF658CE,CEEBDC70,CEEBDC70,0
4FF658CE,CEEBDC70,4FF658CE,1
4FF658CE,CEEBDC70,4FBB61B2,2
4FF658CE,CEEBDC70,5018A7F5,3
4FF658CF,CEEBDC71,CEEBDC71,0
4FF658CF,CEEBDC71,4FF658CF,1
4FF658CF,CEEBDC71,4FBB61B3,2
4FF658CF,CEEBDC71,5018A7F6,3
4FF658D0,CEEBDC72,CEEBDC72,0
4FF658D0,CEEBDC72,4FF658D0,1
4FF658D0,CEEBDC72,4FBB61B4,2
4FF658D0,CEEBDC72,5018A7F6,3
4FF658D1,CEEBDC73,CEEBDC73,0
4FF658D1,CEEBDC73,4FF658D1,1
4FF658D1,CEEBDC73,4FBB61B4,2
4FF658D1,CEEBDC73,5018A7F7,3
4FF658D2,CEEBDC74,CEEBDC74,0
4FF658D2,CEEBDC74,4FF658D2,1
4FF658D2,CEEBDC74,4FBB61B5,2
4FF658D2,CEEBDC74,5018A7F8,3
4FF658D3,CEEBDC75,CEEBDC75,0
4FF658D3,CEEBDC75,4FF658D3,1
4FF658D3,CEEBDC75,4FBB61B6,2
4FF658D3,CEEBDC75,5018A7F8,3
4FF658D4,CEEBDC76,CEEBDC76,0
4FF658D4,CEEBDC76,4FF658D4,1
4FF658D4,CEEBDC76,4FBB61B6,2
4FF658D4,CEEBDC76,5018A7F9,3
4FF658D5,CEEBDC77,CEEBDC77,0
4FF658D5,CEEBDC77,4FF658D5,1
4FF658D5,CEEBDC77,4FBB61B7,2
4FF658D5,CEEBDC77,5018A7F9,3
4FF658D6,CEEBDC78,CEEBDC78,0
4FF658D6,CEEBDC78,4FF658D6,1
4FF658D6,CEEBDC78,4FBB61B8,2
4FF658D6,CEEBDC78,5018A7FA,3
4FF658D7,CEEBDC79,CEEBDC79,0
4FF658D7,CEEBDC79,4FF658D7,1
4FF658D7,CEEBDC79,4FBB61B9,2
4FF658D7,CEEBDC79,5018A7FB,3
4FF658D8,CEEBDC7A,CEEBDC7A,0
4FF658D8,CEEBDC7A,4FF658D8,1
4FF658D8,CEEBDC7A,4FBB61BA,2
4FF658D8,CEEBDC7A,5018A7FB,3
4FF658D9,CEEBDC7B,CEEBDC7B,0
4FF658D9,CEEBDC7B,4FF658D9,1
4FF658D9,CEEBDC7B,4FBB61BA,2
4FF658D9,CEEBDC7B,5018A7FC,3
4FF658DA,CEEBDC7C,CEEBDC7C,0
4FF658DA,CEEBDC7C,4FF658DA,1
4FF658DA,CEEBDC7C,4FBB61BB,2
4FF658DA,CEEBDC7C,5018A7FC,3
4FF658DB,CEEBDC7D,CEEBDC7D,0
4FF658DB,CEEBDC7D,4FF658DB,1
4FF658DB,CEEBDC7D,4FBB61BC,2
4FF658DB,CEEBDC7D,5018A7FD,3
4FF658DC,CEEBDC7E,CEEBDC7E,0
4FF658DC,CEEBDC7E,4FF658DC,1
4FF658DC,CEEBDC7E,4FBB61BC,2
4FF658DC,CEEBDC7E,5018A7FE,3
4FF658DD,CEEBDC7F,CEEBDC7F,0
4FF658DD,CEEBDC7F,4FF658DD,1
4FF658DD,CEEBDC7F,4FBB61BD,2
4FF658DD,CEEBDC7F,5018A7FE,3
4FF658DE,CEEBDC80,CEEBDC80,0
4FF658DE,CEEBDC80,4FF658DE,1
4FF658DE,CEEBDC80,4FBB61BE,2
4FF658DE,CEEBDC80,5018A7FF,3
4FF658DF,CEEBDC81,CEEBDC81,0
4FF658DF,CEEBDC81,4FF658DF,1
4FF658DF,CEEBDC81,4FBB61BF,2
4FF658DF,CEEBDC81,5018A800,3
4FF658E0,CEEBDC82,CEEBDC82,0
4FF658E0,CEEBDC82,4FF658E0,1
4FF658E0,CEEBDC82,4FBB61C0,2
4FF658E0,CEEBDC82,5018A800,3
4FF658E1,CEEBDC83,CEEBDC83,0
4FF658E1,CEEBDC83,4FF658E1,1
4FF658E1,CEEBDC83,4FBB61C0,2
4FF658E1,CEEBDC83,5018A801,3
4FF658E2,CEEBDC84,CEEBDC84,0
4FF658E2,CEEBDC84,4FF658E2,1
4FF658E2,CEEBDC84,4FBB61C1,2
4FF658E2,CEEBDC84,5018A802,3
4FF658E3,CEEBDC85,CEEBDC85,0
4FF658E3,CEEBDC85,4FF658E3,1
4FF658E3,CEEBDC85,4FBB61C2,2
4FF658E3,CEEBDC85,5018A802,3
4FF658E4,CEEBDC86,CEEBDC86,0
4FF658E4,CEEBDC86,4FF658E4,1
4FF658E4,CEEBDC86,4FBB61C2,2
4FF658E4,CEEBDC86,5018A803,3
4FF658E5,CEEBDC87,CEEBDC87,0
4FF658E5,CEEBDC87,4FF658E5,1
4FF658E5,CEEBDC87,4FBB61C3,2
4FF658E5,CEEBDC87,5018A803,3
4FF658E6,CEEBDC88,CEEBDC88,0
4FF658E6,CEEBDC88,4FF658E6,1
4FF658E6,CEEBDC88,4FBB61C4,2
4FF658E6,CEEBDC88,5018A804,3
4FF658E7,CEEBDC89,CEEBDC89,0
4FF658E7,CEEBDC89,4FF658E7,1
4FF658E7,CEEBDC89,4FBB61C5,2
4FF658E7,CEEBDC89,5018A805,3
4FF658E8,CEEBDC8A,CEEBDC8A,0
4FF658E8,CEEBDC8A,4FF658E8,1
4FF658E8,CEEBDC8A,4FBB61C6,2
4FF658E8,CEEBDC8A,5018A805,3
4FF658E9,CEEBDC8B,CEEBDC8B,0
4FF658E9,CEEBDC8B,4FF658E9,1
4FF658E9,CEEBDC8B,4FBB61C6,2
4FF658E9,CEEBDC8B,5018A806,3
4FF658EA,CEEBDC8C,CEEBDC8C,0
4FF658EA,CEEBDC8C,4FF658EA,1
4FF658EA,CEEBDC8C,4FBB61C7,2
4FF658EA,CEEBDC8C,5018A806,3
4FF658EB,CEEBDC8D,CEEBDC8D,0
4FF658EB,CEEBDC8D,4FF658EB,1
4FF658EB,CEEBDC8D,4FBB61C8,2
4FF658EB,CEEBDC8D,5018A807,3
4FF658EC,CEEBDC8E,CEEBDC8E,0
4FF658EC,CEEBDC8E,4FF658EC,1
4FF658EC,CEEBDC8E,4FBB61C8,2
4FF658EC,CEEBDC8E,5018A808,3
4FF658ED,CEEBDC8F,CEEBDC8F,0
4FF658ED,CEEBDC8F,4FF658ED,1
4FF658ED,CEEBDC8F,4FBB61C9,2
4FF658ED,CEEBDC8F,5018A808,3
4FF658EE,CEEBDC90,CEEBDC90,0
4FF658EE,CEEBDC90,4FF658EE,1
4FF658EE,CEEBDC90,4FBB61CA,2
4FF658EE,CEEBDC90,5018A809,3
4FF658EF,CEEBDC91,CEEBDC91,0
4FF658EF,CEEBDC91,4FF658EF,1
4FF658EF,CEEBDC91,4FBB61CB,2
4FF658EF,CEEBDC91,5018A80A,3
4FF658F0,CEEBDC92,CEEBDC92,0
4FF658F0,CEEBDC92,4FF658F0,1
4FF658F0,CEEBDC92,4FBB61CC,2
4FF658F0,CEEBDC92,5018A80A,3
4FF658F1,CEEBDC93,CEEBDC93,0
4FF658F1,CEEBDC93,4FF658F1,1
4FF658F1,CEEBDC93,4FBB61CC,2
4FF658F1,CEEBDC93,5018A80B,3
4FF658F2,CEEBDC94,CEEBDC94,0
4FF658F2,CEEBDC94,4FF658F2,1
4FF658F2,CEEBDC94,4FBB61CD,2
4FF658F2,CEEBDC94,5018A80C,3
4FF658F3,CEEBDC95,CEEBDC95,0
4FF658F3,CEEBDC95,4FF658F3,1
4FF658F3,CEEBDC95,4FBB61CE,2
4FF658F3,CEEBDC95,5018A80C,3
4FF658F4,CEEBDC96,CEEBDC96,0
4FF658F4,CEEBDC96,4FF658F4,1
4FF658F4,CEEBDC96,4FBB61CE,2
4FF658F4,CEEBDC96,5018A80D,3
4FF658F5,CEEBDC97,CEEBDC97,0
4FF658F5,CEEBDC97,4FF658F5,1
4FF658F5,CEEBDC97,4FBB61CF,2
4FF658F5,CEEBDC97,5018A80D,3
4FF658F6,CEEBDC98,CEEBDC98,0
4FF658F6,CEEBDC98,4FF658F6,1
4FF658F6,CEEBDC98,4FBB61D0,2
4FF658F6,CEEBDC98,5018A80E,3
4FF658F7,CEEBDC99,CEEBDC99,0
4FF658F7,CEEBDC99,4FF658F7,1
4FF658F7,CEEBDC99,4FBB61D1,2
4FF658F7,CEEBDC99,5018A80F,3
4FF658F8,CEEBDC9A,CEEBDC9A,0
4FF658F8,CEEBDC9A,4FF658F8,1
4FF658F8,CEEBDC9A,4FBB61D2,2
4FF658F8,CEEBDC9A,5018A80F,3
4FF658F9,CEEBDC9B,CEEBDC9B,0
4FF658F9,CEEBDC9B,4FF658F9,1
4FF658F9,CEEBDC9B,4FBB61D2,2
4FF658F9,CEEBDC9B,5018A810,3
4FF658FA,CEEBDC9C,CEEBDC9C,0
4FF658FA,CEEBDC9C,4FF658FA,1
4FF658FA,CEEBDC9C,4FBB61D3,2
4FF658FA,CEEBDC9C,5018A810,3
4FF658FB,CEEBDC9D,CEEBDC9D,0
4FF658FB,CEEBDC9D,4FF658FB,1
4FF658FB,CEEBDC9D,4FBB61D4,2
4FF658FB,CEEBDC9D,5018A811,3
4FF658FC,CEEBDC9E,CEEBDC9E,0
4FF658FC,CEEBDC9E,4FF658FC,1
4FF658FC,CEEBDC9E,4FBB61D4,2
4FF658FC,CEEBDC9E,5018A812,3
4FF658FD,CEEBDC9F,CEEBDC9F,0
4FF658FD,CEEBDC9F,4FF658FD,1
4FF658FD,CEEBDC9F,4FBB61D5,2
4FF658FD,CEEBDC9F,5018A812,3
4FF658FE,CEEBDCA0,CEEBDCA0,0
4FF658FE,CEEBDCA0,4FF658FE,1
4FF658FE,CEEBDCA0,4FBB61D6,2
4FF658FE,CEEBDCA0,5018A813,3
4FF658FF,CEEBDCA1,CEEBDCA1,0
4FF658FF,CEEBDCA1,4FF658FF,1
4FF658FF,CEEBDCA1,4FBB61D7,2
4FF658FF,CEEBDCA1,5018A814,3
4FF65900,CEEBDCA2,CEEBDCA2,0
4FF65900,CEEBDCA2,4FF65900,1
4FF65900,CEEBDCA2,4FBB61D8,2
4FF65900,CEEBDCA2,5018A814,3
4FF65901,CEEBDCA3,CEEBDCA3,0
4FF65901,CEEBDCA3,4FF65901,1
4FF65901,CEEBDCA3,4FBB61D8,2
4FF65901,CEEBDCA3,5018A815,3
4FF65902,CEEBDCA4,CEEBDCA4,0
4FF65902,CEEBDCA4,4FF65902,1
4FF65902,CEEBDCA4,4FBB61D9,2
4FF65902,CEEBDCA4,5018A816,3
4FF65903,CEEBDCA5,CEEBDCA5,0
4FF65903,CEEBDCA5,4FF65903,1
4FF65903,CEEBDCA5,4FBB61DA,2
4FF65903,CEEBDCA5,5018A816,3
4FF65904,CEEBDCA6,CEEBDCA6,0
4FF65904,CEEBDCA6,4FF65904,1
4FF65904,CEEBDCA6,4FBB61DA,2
4FF65904,CEEBDCA6,5018A817,3
4FF65905,CEEBDCA7,CEEBDCA7,0
4FF65905,CEEBDCA7,4FF65905,1
4FF65905,CEEBDCA7,4FBB61DB,2
4FF65905,CEEBDCA7,5018A817,3
4FF65906,CEEBDCA8,CEEBDCA8,0
4FF65906,CEEBDCA8,4FF65906,1
4FF65906,CEEBDCA8,4FBB61DC,2
4FF65906,CEEBDCA8,5018A818,3
4FF65907,CEEBDCA9,CEEBDCA9,0
4FF65907,CEEBDCA9,4FF65907,1
4FF65907,CEEBDCA9,4FBB61DD,2
4FF65907,CEEBDCA9,5018A819,3
4FF65908,CEEBDCAA,CEEBDCAA,0
4FF65908,CEEBDCAA,4FF65908,1
4FF65908,CEEBDCAA,4FBB61DE,2
4FF65908,CEEBDCAA,5018A819,3
4FF65909,CEEBDCAB,CEEBDCAB,0
4FF65909,CEEBDCAB,4FF65909,1
4FF65909,CEEBDCAB,4FBB61DE,2
4FF65909,CEEBDCAB,5018A81A,3
4FF6590A,CEEBDCAC,CEEBDCAC,0
4FF6590A,CEEBDCAC,4FF6590A,1
4FF6590A,CEEBDCAC,4FBB61DF,2
4FF6590A,CEEBDCAC,5018A81A,3
4FF6590B,CEEBDCAD,CEEBDCAD,0
4FF6590B,CEEBDCAD,4FF6590B,1
4FF6590B,CEEBDCAD,4FBB61E0,2
4FF6590B,CEEBDCAD,5018A81B,3
4FF6590C,CEEBDCAE,CEEBDCAE,0
4FF6590C,CEEBDCAE,4FF6590C,1
4FF6590C,CEEBDCAE,4FBB61E0,2
4FF6590C,CEEBDCAE,5018A81C,3
4FF6590D,CEEBDCAF,CEEBDCAF,0
4FF6590D,CEEBDCAF,4FF6590D,1
4FF6590D,CEEBDCAF,4FBB61E1,2
4FF6590D,CEEBDCAF,5018A81C,3
4FF6590E,CEEBDCB0,CEEBDCB0,0
4FF6590E,CEEBDCB0,4FF6590E,1
4FF6590E,CEEBDCB0,4FBB61E2,2
4FF6590E,CEEBDCB0,5018A81D,3
4FF6590F,CEEBDCB1,CEEBDCB1,0
4FF6590F,CEEBDCB1,4FF6590F,1
4FF6590F,CEEBDCB1,4FBB61E3,2
4FF6590F,CEEBDCB1,5018A81E,3
4FF65910,CEEBDCB2,CEEBDCB2,0
4FF65910,CEEBDCB2,4FF65910,1
4FF65910,CEEBDCB2,4FBB61E4,2
4FF65910,CEEBDCB2,5018A81E,3
4FF65911,CEEBDCB3,CEEBDCB3,0
4FF65911,CEEBDCB3,4FF65911,1
4FF65911,CEEBDCB3,4FBB61E4,2
4FF65911,CEEBDCB3,5018A81F,3
4FF65912,CEEBDCB4,CEEBDCB4,0
4FF65912,CEEBDCB4,4FF65912,1
4FF65912,CEEBDCB4,4FBB61E5,2
4FF65912,CEEBDCB4,5018A820,3
4FF65913,CEEBDCB5,CEEBDCB5,0
4FF65913,CEEBDCB5,4FF65913,1
4FF65913,CEEBDCB5,4FBB61E6,2
4FF65913,CEEBDCB5,5018A820,3
4FF65914,CEEBDCB6,CEEBDCB6,0
4FF65914,CEEBDCB6,4FF65914,1
4FF65914,CEEBDCB6,4FBB61E6,2
4FF65914,CEEBDCB6,5018A821,3
4FF65915,CEEBDCB7,CEEBDCB7,0
4FF65915,CEEBDCB7,4FF65915,1
4FF65915,CEEBDCB7,4FBB61E7,2
4FF65915,CEEBDCB7,5018A821,3
4FF65916,CEEBDCB8,CEEBDCB8,0
4FF65916,CEEBDCB8,4FF65916,1
4FF65916,CEEBDCB8,4FBB61E8,2
4FF65916,CEEBDCB8,5018A822,3
4FF65917,CEEBDCB9,CEEBDCB9,0
4FF65917,CEEBDCB9,4FF65917,1
4FF65917,CEEBDCB9,4FBB61E9,2
4FF65917,CEEBDCB9,5018A823,3
4FF65918,CEEBDCBA,CEEBDCBA,0
4FF65918,CEEBDCBA,4FF65918,1
4FF65918,CEEBDCBA,4FBB61EA,2
4FF65918,CEEBDCBA,5018A823,3
4FF65919,CEEBDCBB,CEEBDCBB,0
4FF65919,CEEBDCBB,4FF65919,1
4FF65919,CEEBDCBB,4FBB61EA,2
4FF65919,CEEBDCBB,5018A824,3
4FF6591A,CEEBDCBC,CEEBDCBC,0
4FF6591A,CEEBDCBC,4FF6591A,1
4FF6591A,CEEBDCBC,4FBB61EB,2
4FF6591A,CEEBDCBC,5018A824,3
4FF6591B,CEEBDCBD,CEEBDCBD,0
4FF6591B,CEEBDCBD,4FF6591B,1
4FF6591B,CEEBDCBD,4FBB61EC,2
4FF6591B,CEEBDCBD,5018A825,3
4FF6591C,CEEBDCBE,CEEBDCBE,0
4FF6591C,CEEBDCBE,4FF6591C,1
4FF6591C,CEEBDCBE,4FBB61EC,2
4FF6591C,CEEBDCBE,5018A826,3
4FF6591D,CEEBDCBF,CEEBDCBF,0
4FF6591D,CEEBDCBF,4FF6591D,1
4FF6591D,CEEBDCBF,4FBB61ED,2
4FF6591D,CEEBDCBF,5018A826,3
4FF6591E,CEEBDCC0,CEEBDCC0,0
4FF6591E,CEEBDCC0,4FF6591E,1
4FF6591E,CEEBDCC0,4FBB61EE,2
4FF6591E,CEEBDCC0,5018A827,3
4FF6591F,CEEBDCC1,CEEBDCC1,0
4FF6591F,CEEBDCC1,4FF6591F,1
4FF6591F,CEEBDCC1,4FBB61EF,2
4FF6591F,CEEBDCC1,5018A828,3
4FF65920,CEEBDCC2,CEEBDCC2,0
4FF65920,CEEBDCC2,4FF65920,1
4FF65920,CEEBDCC2,4FBB61F0,2
4FF65920,CEEBDCC2,5018A828,3
4FF65921,CEEBDCC3,CEEBDCC3,0
4FF65921,CEEBDCC3,4FF65921,1
4FF65921,CEEBDCC3,4FBB61F0,2
4FF65921,CEEBDCC3,5018A829,3
4FF65922,CEEBDCC4,CEEBDCC4,0
4FF65922,CEEBDCC4,4FF65922,1
4FF65922,CEEBDCC4,4FBB61F1,2
4FF65922,CEEBDCC4,5018A82A,3
4FF65923,CEEBDCC5,CEEBDCC5,0
4FF65923,CEEBDCC5,4FF65923,1
4FF65923,CEEBDCC5,4FBB61F2,2
4FF65923,CEEBDCC5,5018A82A,3
4FF65924,CEEBDCC6,CEEBDCC6,0
4FF65924,CEEBDCC6,4FF65924,1
4FF65924,CEEBDCC6,4FBB61F2,2
4FF65924,CEEBDCC6,5018A82B,3
4FF65925,CEEBDCC7,CEEBDCC7,0
4FF65925,CEEBDCC7,4FF65925,1
4FF65925,CEEBDCC7,4FBB61F3,2
4FF65925,CEEBDCC7,5018A82B,3
4FF65926,CEEBDCC8,CEEBDCC8,0
4FF65926,CEEBDCC8,4FF65926,1
4FF65926,CEEBDCC8,4FBB61F4,2
4FF65926,CEEBDCC8,5018A82C,3
4FF65927,CEEBDCC9,CEEBDCC9,0
4FF65927,CEEBDCC9,4FF65927,1
4FF65927,CEEBDCC9,4FBB61F5,2
4FF65927,CEEBDCC9,5018A82D,3
4FF65928,CEEBDCCA,CEEBDCCA,0
4FF65928,CEEBDCCA,4FF65928,1
4FF65928,CEEBDCCA,4FBB61F6,2
4FF65928,CEEBDCCA,5018A82D,3
4FF65929,CEEBDCCB,CEEBDCCB,0
4FF65929,CEEBDCCB,4FF65929,1
4FF65929,CEEBDCCB,4FBB61F6,2
4FF65929,CEEBDCCB,5018A82E,3
4FF6592A,CEEBDCCC,CEEBDCCC,0
4FF6592A,CEEBDCCC,4FF6592A,1
4FF6592A,CEEBDCCC,4FBB61F7,2
4FF6592A,CEEBDCCC,5018A82E,3
4FF6592B,CEEBDCCD,CEEBDCCD,0
4FF6592B,CEEBDCCD,4FF6592B,1
4FF6592B,CEEBDCCD,4FBB61F8,2
4FF6592B,CEEBDCCD,5018A82F,3
4FF6592C,CEEBDCCE,CEEBDCCE,0
4FF6592C,CEEBDCCE,4FF6592C,1
4FF6592C,CEEBDCCE,4FBB61F8,2
4FF6592C,CEEBDCCE,5018A830,3
4FF6592D,CEEBDCCF,CEEBDCCF,0
4FF6592D,CEEBDCCF,4FF6592D,1
4FF6592D,CEEBDCCF,4FBB61F9,2
4FF6592D,CEEBDCCF,5018A830,3
4FF6592E,CEEBDCD0,CEEBDCD0,0
4FF6592E,CEEBDCD0,4FF6592E,1
4FF6592E,CEEBDCD0,4FBB61FA,2
4FF6592E,CEEBDCD0,5018A831,3
4FF6592F,CEEBDCD1,CEEBDCD1,0
4FF6592F,CEEBDCD1,4FF6592F,1
4FF6592F,CEEBDCD1,4FBB61FB,2
4FF6592F,CEEBDCD1,5018A832,3
4FF65930,CEEBDCD2,CEEBDCD2,0
4FF65930,CEEBDCD2,4FF65930,1
4FF65930,CEEBDCD2,4FBB61FC,2
4FF65930,CEEBDCD2,5018A832,3
4FF65931,CEEBDCD3,CEEBDCD3,0
4FF65931,CEEBDCD3,4FF65931,1
4FF65931,CEEBDCD3,4FBB61FC,2
4FF65931,CEEBDCD3,5018A833,3
4FF65932,CEEBDCD4,CEEBDCD4,0
4FF65932,CEEBDCD4,4FF65932,1
4FF65932,CEEBDCD4,4FBB61FD,2
4FF65932,CEEBDCD4,5018A834,3
4FF65933,CEEBDCD5,CEEBDCD5,0
4FF65933,CEEBDCD5,4FF65933,1
4FF65933,CEEBDCD5,4FBB61FE,2
4FF65933,CEEBDCD5,5018A834,3
4FF65934,CEEBDCD6,CEEBDCD6,0
4FF65934,CEEBDCD6,4FF65934,1
4FF65934,CEEBDCD6,4FBB61FE,2
4FF65934,CEEBDCD6,5018A835,3
4FF65935,CEEBDCD7,CEEBDCD7,0
4FF65935,CEEBDCD7,4FF65935,1
4FF65935,CEEBDCD7,4FBB61FF,2
4FF65935,CEEBDCD7,5018A835,3
4FF65936,CEEBDCD8,CEEBDCD8,0
4FF65936,CEEBDCD8,4FF65936,1
4FF65936,CEEBDCD8,4FBB6200,2
4FF65936,CEEBDCD8,5018A836,3
4FF65937,CEEBDCD9,CEEBDCD9,0
4FF65937,CEEBDCD9,4FF65937,1
4FF65937,CEEBDCD9,4FBB6201,2
4FF65937,CEEBDCD9,5018A837,3
4FF65938,CEEBDCDA,CEEBDCDA,0
4FF65938,CEEBDCDA,4FF65938,1
4FF65938,CEEBDCDA,4FBB6202,2
4FF65938,CEEBDCDA,5018A837,3
4FF65939,CEEBDCDB,CEEBDCDB,0
4FF65939,CEEBDCDB,4FF65939,1
4FF65939,CEEBDCDB,4FBB6202,2
4FF65939,CEEBDCDB,5018A838,3
4FF6593A,CEEBDCDC,CEEBDCDC,0
4FF6593A,CEEBDCDC,4FF6593A,1
4FF6593A,CEEBDCDC,4FBB6203,2
4FF6593A,CEEBDCDC,5018A838,3
4FF6593B,CEEBDCDD,CEEBDCDD,0
4FF6593B,CEEBDCDD,4FF6593B,1
4FF6593B,CEEBDCDD,4FBB6204,2
4FF6593B,CEEBDCDD,5018A839,3
4FF6593C,CEEBDCDE,CEEBDCDE,0
4FF6593C,CEEBDCDE,4FF6593C,1
4FF6593C,CEEBDCDE,4FBB6204,2
4FF6593C,CEEBDCDE,5018A83A,3
4FF6593D,CEEBDCDF,CEEBDCDF,0
4FF6593D,CEEBDCDF,4FF6593D,1
4FF6593D,CEEBDCDF,4FBB6205,2
4FF6593D,CEEBDCDF,5018A83A,3
4FF6593E,CEEBDCE0,CEEBDCE0,0
4FF6593E,CEEBDCE0,4FF6593E,1
4FF6593E,CEEBDCE0,4FBB6206,2
4FF6593E,CEEBDCE0,5018A83B,3
4FF6593F,CEEBDCE1,CEEBDCE1,0
4FF6593F,CEEBDCE1,4FF6593F,1
4FF6593F,CEEBDCE1,4FBB6207,2
4FF6593F,CEEBDCE1,5018A83C,3
4FF65940,CEEBDCE2,CEEBDCE2,0
4FF65940,CEEBDCE2,4FF65940,1
4FF65940,CEEBDCE2,4FBB6208,2
4FF65940,CEEBDCE2,5018A83C,3
4FF65941,CEEBDCE3,CEEBDCE3,0
4FF65941,CEEBDCE3,4FF65941,1
4FF65941,CEEBDCE3,4FBB6208,2
4FF65941,CEEBDCE3,5018A83D,3
4FF65942,CEEBDCE4,CEEBDCE4,0
4FF65942,CEEBDCE4,4FF65942,1
4FF65942,CEEBDCE4,4FBB6209,2
4FF65942,CEEBDCE4,5018A83E,3
4FF65943,CEEBDCE5,CEEBDCE5,0
4FF65943,CEEBDCE5,4FF65943,1
4FF65943,CEEBDCE5,4FBB620A,2
4FF65943,CEEBDCE5,5018A83E,3
4FF65944,CEEBDCE6,CEEBDCE6,0
4FF65944,CEEBDCE6,4FF65944,1
4FF65944,CEEBDCE6,4FBB620A,2
4FF65944,CEEBDCE6,5018A83F,3
4FF65945,CEEBDCE7,CEEBDCE7,0
4FF65945,CEEBDCE7,4FF65945,1
4FF65945,CEEBDCE7,4FBB620B,2
4FF65945,CEEBDCE7,5018A83F,3
4FF65946,CEEBDCE8,CEEBDCE8,0
4FF65946,CEEBDCE8,4FF65946,1
4FF65946,CEEBDCE8,4FBB620C,2
4FF65946,CEEBDCE8,5018A840,3
4FF65947,CEEBDCE9,CEEBDCE9,0
4FF65947,CEEBDCE9,4FF65947,1
4FF65947,CEEBDCE9,4FBB620D,2
4FF65947,CEEBDCE9,5018A841,3
4FF65948,CEEBDCEA,CEEBDCEA,0
4FF65948,CEEBDCEA,4FF65948,1
4FF65948,CEEBDCEA,4FBB620E,2
4FF65948,CEEBDCEA,5018A841,3
4FF65949,CEEBDCEB,CEEBDCEB,0
4FF65949,CEEBDCEB,4FF65949,1
4FF65949,CEEBDCEB,4FBB620E,2
4FF65949,CEEBDCEB,5018A842,3
4FF6594A,CEEBDCEC,CEEBDCEC,0
4FF6594A,CEEBDCEC,4FF6594A,1
4FF6594A,CEEBDCEC,4FBB620F,2
4FF6594A,CEEBDCEC,5018A842,3
4FF6594B,CEEBDCED,CEEBDCED,0
4FF6594B,CEEBDCED,4FF6594B,1
4FF6594B,CEEBDCED,4FBB6210,2
4FF6594B,CEEBDCED,5018A843,3
4FF6594C,CEEBDCEE,CEEBDCEE,0
4FF6594C,CEEBDCEE,4FF6594C,1
4FF6594C,CEEBDCEE,4FBB6210,2
4FF6594C,CEEBDCEE,5018A844,3
4FF6594D,CEEBDCEF,CEEBDCEF,0
4FF6594D,CEEBDCEF,4FF6594D,1
4FF6594D,CEEBDCEF,4FBB6211,2
4FF6594D,CEEBDCEF,5018A844,3
4FF6594E,CEEBDCF0,CEEBDCF0,0
4FF6594E,CEEBDCF0,4FF6594E,1
4FF6594E,CEEBDCF0,4FBB6212,2
4FF6594E,CEEBDCF0,5018A845,3
4FF6594F,CEEBDCF1,CEEBDCF1,0
4FF6594F,CEEBDCF1,4FF6594F,1
4FF6594F,CEEBDCF1,4FBB6213,2
4FF6594F,CEEBDCF1,5018A846,3
4FF65950,CEEBDCF2,CEEBDCF2,0
4FF65950,CEEBDCF2,4FF65950,1
4FF65950,CEEBDCF2,4FBB6214,2
4FF65950,CEEBDCF2,5018A846,3
4FF65951,CEEBDCF3,CEEBDCF3,0
4FF65951,CEEBDCF3,4FF65951,1
4FF65951,CEEBDCF3,4FBB6214,2
4FF65951,CEEBDCF3,5018A847,3
4FF65952,CEEBDCF4,CEEBDCF4,0
4FF65952,CEEBDCF4,4FF65952,1
4FF65952,CEEBDCF4,4FBB6215,2
4FF65952,CEEBDCF4,5018A848,3
4FF65953,CEEBDCF5,CEEBDCF5,0
4FF65953,CEEBDCF5,4FF65953,1
4FF65953,CEEBDCF5,4FBB6216,2
4FF65953,CEEBDCF5,5018A848,3
4FF65954,CEEBDCF6,CEEBDCF6,0
4FF65954,CEEBDCF6,4FF65954,1
4FF65954,CEEBDCF6,4FBB6216,2
4FF65954,CEEBDCF6,5018A849,3
4FF65955,CEEBDCF7,CEEBDCF7,0
4FF65955,CEEBDCF7,4FF65955,1
4FF65955,CEEBDCF7,4FBB6217,2
4FF65955,CEEBDCF7,5018A849,3
4FF65956,CEEBDCF8,CEEBDCF8,0
4FF65956,CEEBDCF8,4FF65956,1
4FF65956,CEEBDCF8,4FBB6218,2
4FF65956,CEEBDCF8,5018A84A,3
4FF65957,CEEBDCF9,CEEBDCF9,0
4FF65957,CEEBDCF9,4FF65957,1
4FF65957,CEEBDCF9,4FBB6219,2
4FF65957,CEEBDCF9,5018A84B,3
4FF65958,CEEBDCFA,CEEBDCFA,0
4FF65958,CEEBDCFA,4FF65958,1
4FF65958,CEEBDCFA,4FBB621A,2
4FF65958,CEEBDCFA,5018A84B,3
4FF65959,CEEBDCFB,CEEBDCFB,0
4FF65959,CEEBDCFB,4FF65959,1
4FF65959,CEEBDCFB,4FBB621A,2
4FF65959,CEEBDCFB,5018A84C,3
4FF6595A,CEEBDCFC,CEEBDCFC,0
4FF6595A,CEEBDCFC,4FF6595A,1
4FF6595A,CEEBDCFC,4FBB621B,2
4FF6595A,CEEBDCFC,5018A84C,3
4FF6595B,CEEBDCFD,CEEBDCFD,0
4FF6595B,CEEBDCFD,4FF6595B,1
4FF6595B,CEEBDCFD,4FBB621C,2
4FF6595B,CEEBDCFD,5018A84D,3
4FF6595C,CEEBDCFE,CEEBDCFE,0
4FF6595C,CEEBDCFE,4FF6595C,1
4FF6595C,CEEBDCFE,4FBB621C,2
4FF6595C,CEEBDCFE,5018A84E,3
4FF6595D,CEEBDCFF,CEEBDCFF,0
4FF6595D,CEEBDCFF,4FF6595D,1
4FF6595D,CEEBDCFF,4FBB621D,2
4FF6595D,CEEBDCFF,5018A84E,3
4FF6595E,CEEBDD00,CEEBDD00,0
4FF6595E,CEEBDD00,4FF6595E,1
4FF6595E,CEEBDD00,4FBB621E,2
4FF6595E,CEEBDD00,5018A84F,3
4FF6595F,CEEBDD01,CEEBDD01,0
4FF6595F,CEEBDD01,4FF6595F,1
4FF6595F,CEEBDD01,4FBB621F,2
4FF6595F,CEEBDD01,5018A850,3
4FF65960,CEEBDD02,CEEBDD02,0
4FF65960,CEEBDD02,4FF65960,1
4FF65960,CEEBDD02,4FBB6220,2
4FF65960,CEEBDD02,5018A850,3
4FF65961,CEEBDD03,CEEBDD03,0
4FF65961,CEEBDD03,4FF65961,1
4FF65961,CEEBDD03,4FBB6220,2
4FF65961,CEEBDD03,5018A851,3
4FF65962,CEEBDD04,CEEBDD04,0
4FF65962,CEEBDD04,4FF65962,1
4FF65962,CEEBDD04,4FBB6221,2
4FF65962,CEEBDD04,5018A852,3
4FF65963,CEEBDD05,CEEBDD05,0
4FF65963,CEEBDD05,4FF65963,1
4FF65963,CEEBDD05,4FBB6222,2
4FF65963,CEEBDD05,5018A852,3
4FF65964,CEEBDD06,CEEBDD06,0
4FF65964,CEEBDD06,4FF65964,1
4FF65964,CEEBDD06,4FBB6222,2
4FF65964,CEEBDD06,5018A853,3
4FF65965,CEEBDD07,CEEBDD07,0
4FF65965,CEEBDD07,4FF65965,1
4FF65965,CEEBDD07,4FBB6223,2
4FF65965,CEEBDD07,5018A853,3
4FF65966,CEEBDD08,CEEBDD08,0
4FF65966,CEEBDD08,4FF65966,1
4FF65966,CEEBDD08,4FBB6224,2
4FF65966,CEEBDD08,5018A854,3
4FF65967,CEEBDD09,CEEBDD09,0
4FF65967,CEEBDD09,4FF65967,1
4FF65967,CEEBDD09,4FBB6225,2
4FF65967,CEEBDD09,5018A855,3
4FF65968,CEEBDD0A,CEEBDD0A,0
4FF65968,CEEBDD0A,4FF65968,1
4FF65968,CEEBDD0A,4FBB6226,2
4FF65968,CEEBDD0A,5018A855,3
4FF65969,CEEBDD0B,CEEBDD0B,0
4FF65969,CEEBDD0B,4FF65969,1
4FF65969,CEEBDD0B,4FBB6226,2
4FF65969,CEEBDD0B,5018A856,3
4FF6596A,CEEBDD0C,CEEBDD0C,0
4FF6596A,CEEBDD0C,4FF6596A,1
4FF6596A,CEEBDD0C,4FBB6227,2
4FF6596A,CEEBDD0C,5018A856,3
4FF6596B,CEEBDD0D,CEEBDD0D,0
4FF6596B,CEEBDD0D,4FF6596B,1
4FF6596B,CEEBDD0D,4FBB6228,2
4FF6596B,CEEBDD0D,5018A857,3
4FF6596C,CEEBDD0E,CEEBDD0E,0
4FF6596C,CEEBDD0E,4FF6596C,1
4FF6596C,CEEBDD0E,4FBB6228,2
4FF6596C,CEEBDD0E,5018A858,3
4FF6596D,CEEBDD0F,CEEBDD0F,0
4FF6596D,CEEBDD0F,4FF6596D,1
4FF6596D,CEEBDD0F,4FBB6229,2
4FF6596D,CEEBDD0F,5018A858,3
4FF6596E,CEEBDD10,CEEBDD10,0
4FF6596E,CEEBDD10,4FF6596E,1
4FF6596E,CEEBDD10,4FBB622A,2
4FF6596E,CEEBDD10,5018A859,3
4FF6596F,CEEBDD11,CEEBDD11,0
4FF6596F,CEEBDD11,4FF6596F,1
4FF6596F,CEEBDD11,4FBB622B,2
4FF6596F,CEEBDD11,5018A85A,3
4FF65970,CEEBDD12,CEEBDD12,0
4FF65970,CEEBDD12,4FF65970,1
4FF65970,CEEBDD12,4FBB622C,2
4FF65970,CEEBDD12,5018A85A,3
4FF65971,CEEBDD13,CEEBDD13,0
4FF65971,CEEBDD13,4FF65971,1
4FF65971,CEEBDD13,4FBB622C,2
4FF65971,CEEBDD13,5018A85B,3
4FF65972,CEEBDD14,CEEBDD14,0
4FF65972,CEEBDD14,4FF65972,1
4FF65972,CEEBDD14,4FBB622D,2
4FF65972,CEEBDD14,5018A85C,3
4FF65973,CEEBDD15,CEEBDD15,0
4FF65973,CEEBDD15,4FF65973,1
4FF65973,CEEBDD15,4FBB622E,2
4FF65973,CEEBDD15,5018A85C,3
4FF65974,CEEBDD16,CEEBDD16,0
4FF65974,CEEBDD16,4FF65974,1
4FF65974,CEEBDD16,4FBB622E,2
4FF65974,CEEBDD16,5018A85D,3
4FF65975,CEEBDD17,CEEBDD17,0
4FF65975,CEEBDD17,4FF65975,1
4FF65975,CEEBDD17,4FBB622F,2
4FF65975,CEEBDD17,5018A85D,3
4FF65976,CEEBDD18,CEEBDD18,0
4FF65976,CEEBDD18,4FF65976,1
4FF65976,CEEBDD18,4FBB6230,2
4FF65976,CEEBDD18,5018A85E,3
4FF65977,CEEBDD19,CEEBDD19,0
4FF65977,CEEBDD19,4FF65977,1
4FF65977,CEEBDD19,4FBB6231,2
4FF65977,CEEBDD19,5018A85F,3
4FF65978,CEEBDD1A,CEEBDD1A,0
4FF65978,CEEBDD1A,4FF65978,1
4FF65978,CEEBDD1A,4FBB6232,2
4FF65978,CEEBDD1A,5018A85F,3
4FF65979,CEEBDD1B,CEEBDD1B,0
4FF65979,CEEBDD1B,4FF65979,1
4FF65979,CEEBDD1B,4FBB6232,2
4FF65979,CEEBDD1B,5018A860,3
4FF6597A,CEEBDD1C,CEEBDD1C,0
4FF6597A,CEEBDD1C,4FF6597A,1
4FF6597A,CEEBDD1C,4FBB6233,2
4FF6597A,CEEBDD1C,5018A860,3
4FF6597B,CEEBDD1D,CEEBDD1D,0
4FF6597B,CEEBDD1D,4FF6597B,1
4FF6597B,CEEBDD1D,4FBB6234,2
4FF6597B,CEEBDD1D,5018A861,3
4FF6597C,CEEBDD1E,CEEBDD1E,0
4FF6597C,CEEBDD1E,4FF6597C,1
4FF6597C,CEEBDD1E,4FBB6234,2
4FF6597C,CEEBDD1E,5018A862,3
4FF6597D,CEEBDD1F,CEEBDD1F,0
4FF6597D,CEEBDD1F,4FF6597D,1
4FF6597D,CEEBDD1F,4FBB6235,2
4FF6597D,CEEBDD1F,5018A862,3
4FF6597E,CEEBDD20,CEEBDD20,0
4FF6597E,CEEBDD20,4FF6597E,1
4FF6597E,CEEBDD20,4FBB6236,2
4FF6597E,CEEBDD20,5018A863,3
4FF6597F,CEEBDD21,CEEBDD21,0
4FF6597F,CEEBDD21,4FF6597F,1
4FF6597F,CEEBDD21,4FBB6237,2
4FF6597F,CEEBDD21,5018A864,3
4FF65980,CEEBDD22,CEEBDD22,0
4FF65980,CEEBDD22,4FF65980,1
4FF65980,CEEBDD22,4FBB6238,2
4FF65980,CEEBDD22,5018A864,3
4FF65981,CEEBDD23,CEEBDD23,0
4FF65981,CEEBDD23,4FF65981,1
4FF65981,CEEBDD23,4FBB6238,2
4FF65981,CEEBDD23,5018A865,3
4FF65982,CEEBDD24,CEEBDD24,0
4FF65982,CEEBDD24,4FF65982,1
4FF65982,CEEBDD24,4FBB6239,2
4FF65982,CEEBDD24,5018A866,3
4FF65983,CEEBDD25,CEEBDD25,0
4FF65983,CEEBDD25,4FF65983,1
4FF65983,CEEBDD25,4FBB623A,2
4FF65983,CEEBDD25,5018A866,3
4FF65984,CEEBDD26,CEEBDD26,0
4FF65984,CEEBDD26,4FF65984,1
4FF65984,CEEBDD26,4FBB623A,2
4FF65984,CEEBDD26,5018A867,3
4FF65985,CEEBDD27,CEEBDD27,0
4FF65985,CEEBDD27,4FF65985,1
4FF65985,CEEBDD27,4FBB623B,2
4FF65985,CEEBDD27,5018A867,3
4FF65986,CEEBDD28,CEEBDD28,0
4FF65986,CEEBDD28,4FF65986,1
4FF65986,CEEBDD28,4FBB623C,2
4FF65986,CEEBDD28,5018A868,3
4FF65987,CEEBDD29,CEEBDD29,0
4FF65987,CEEBDD29,4FF65987,1
4FF65987,CEEBDD29,4FBB623D,2
4FF65987,CEEBDD29,5018A869,3
4FF65988,CEEBDD2A,CEEBDD2A,0
4FF65988,CEEBDD2A,4FF65988,1
4FF65988,CEEBDD2A,4FBB623E,2
4FF65988,CEEBDD2A,5018A869,3
4FF65989,CEEBDD2B,CEEBDD2B,0
4FF65989,CEEBDD2B,4FF65989,1
4FF65989,CEEBDD2B,4FBB623E,2
4FF65989,CEEBDD2B,5018A86A,3
4FF6598A,CEEBDD2C,CEEBDD2C,0
4FF6598A,CEEBDD2C,4FF6598A,1
4FF6598A,CEEBDD2C,4FBB623F,2
4FF6598A,CEEBDD2C,5018A86A,3
4FF6598B,CEEBDD2D,CEEBDD2D,0
4FF6598B,CEEBDD2D,4FF6598B,1
4FF6598B,CEEBDD2D,4FBB6240,2
4FF6598B,CEEBDD2D,5018A86B,3
4FF6598C,CEEBDD2E,CEEBDD2E,0
4FF6598C,CEEBDD2E,4FF6598C,1
4FF6598C,CEEBDD2E,4FBB6240,2
4FF6598C,CEEBDD2E,5018A86C,3
4FF6598D,CEEBDD2F,CEEBDD2F,0
4FF6598D,CEEBDD2F,4FF6598D,1
4FF6598D,CEEBDD2F,4FBB6241,2
4FF6598D,CEEBDD2F,5018A86C,3
4FF6598E,CEEBDD30,CEEBDD30,0
4FF6598E,CEEBDD30,4FF6598E,1
4FF6598E,CEEBDD30,4FBB6242,2
4FF6598E,CEEBDD30,5018A86D,3
4FF6598F,CEEBDD31,CEEBDD31,0
4FF6598F,CEEBDD31,4FF6598F,1
4FF6598F,CEEBDD31,4FBB6243,2
4FF6598F,CEEBDD31,5018A86E,3
4FF65990,CEEBDD32,CEEBDD32,0
4FF65990,CEEBDD32,4FF65990,1
4FF65990,CEEBDD32,4FBB6244,2
4FF65990,CEEBDD32,5018A86E,3
4FF65991,CEEBDD33,CEEBDD33,0
4FF65991,CEEBDD33,4FF65991,1
4FF65991,CEEBDD33,4FBB6244,2
4FF65991,CEEBDD33,5018A86F,3
4FF65992,CEEBDD34,CEEBDD34,0
4FF65992,CEEBDD34,4FF65992,1
4FF65992,CEEBDD34,4FBB6245,2
4FF65992,CEEBDD34,5018A870,3
4FF65993,CEEBDD35,CEEBDD35,0
4FF65993,CEEBDD35,4FF65993,1
4FF65993,CEEBDD35,4FBB6246,2
4FF65993,CEEBDD35,5018A870,3
4FF65994,CEEBDD36,CEEBDD36,0
4FF65994,CEEBDD36,4FF65994,1
4FF65994,CEEBDD36,4FBB6246,2
4FF65994,CEEBDD36,5018A871,3
4FF65995,CEEBDD37,CEEBDD37,0
4FF65995,CEEBDD37,4FF65995,1
4FF65995,CEEBDD37,4FBB6247,2
4FF65995,CEEBDD37,5018A871,3
4FF65996,CEEBDD38,CEEBDD38,0
4FF65996,CEEBDD38,4FF65996,1
4FF65996,CEEBDD38,4FBB6248,2
4FF65996,CEEBDD38,5018A872,3
4FF65997,CEEBDD39,CEEBDD39,0
4FF65997,CEEBDD39,4FF65997,1
4FF65997,CEEBDD39,4FBB6249,2
4FF65997,CEEBDD39,5018A873,3
4FF65998,CEEBDD3A,CEEBDD3A,0
4FF65998,CEEBDD3A,4FF65998,1
4FF65998,CEEBDD3A,4FBB624A,2
4FF65998,CEEBDD3A,5018A873,3
4FF65999,CEEBDD3B,CEEBDD3B,0
4FF65999,CEEBDD3B,4FF65999,1
4FF65999,CEEBDD3B,4FBB624A,2
4FF65999,CEEBDD3B,5018A874,3
4FF6599A,CEEBDD3C,CEEBDD3C,0
4FF6599A,CEEBDD3C,4FF6599A,1
4FF6599A,CEEBDD3C,4FBB624B,2
4FF6599A,CEEBDD3C,5018A874,3
4FF6599B,CEEBDD3D,CEEBDD3D,0
4FF6599B,CEEBDD3D,4FF6599B,1
4FF6599B,CEEBDD3D,4FBB624C,2
4FF6599B,CEEBDD3D,5018A875,3
4FF6599C,CEEBDD3E,CEEBDD3E,0
4FF6599C,CEEBDD3E,4FF6599C,1
4FF6599C,CEEBDD3E,4FBB624C,2
4FF6599C,CEEBDD3E,5018A876,3
4FF6599D,CEEBDD3F,CEEBDD3F,0
4FF6599D,CEEBDD3F,4FF6599D,1
4FF6599D,CEEBDD3F,4FBB624D,2
4FF6599D,CEEBDD3F,5018A876,3
4FF6599E,CEEBDD40,CEEBDD40,0
4FF6599E,CEEBDD40,4FF6599E,1
4FF6599E,CEEBDD40,4FBB624E,2
4FF6599E,CEEBDD40,5018A877,3
4FF6599F,CEEBDD41,CEEBDD41,0
4FF6599F,CEEBDD41,4FF6599F,1
4FF6599F,CEEBDD41,4FBB624F,2
4FF6599F,CEEBDD41,5018A878,3
4FF659A0,CEEBDD42,CEEBDD42,0
4FF659A0,CEEBDD42,4FF659A0,1
4FF659A0,CEEBDD42,4FBB6250,2
4FF659A0,CEEBDD42,5018A878,3
4FF659A1,CEEBDD43,CEEBDD43,0
4FF659A1,CEEBDD43,4FF659A1,1
4FF659A1,CEEBDD43,4FBB6250,2
4FF659A1,CEEBDD43,5018A879,3
4FF659A2,CEEBDD44,CEEBDD44,0
4FF659A2,CEEBDD44,4FF659A2,1
4FF659A2,CEEBDD44,4FBB6251,2
4FF659A2,CEEBDD44,5018A87A,3
4FF659A3,CEEBDD45,CEEBDD45,0
4FF659A3,CEEBDD45,4FF659A3,1
4FF659A3,CEEBDD45,4FBB6252,2
4FF659A3,CEEBDD45,5018A87A,3
4FF659A4,CEEBDD46,CEEBDD46,0
4FF659A4,CEEBDD46,4FF659A4,1
4FF659A4,CEEBDD46,4FBB6252,2
4FF659A4,CEEBDD46,5018A87B,3
4FF659A5,CEEBDD47,CEEBDD47,0
4FF659A5,CEEBDD47,4FF659A5,1
4FF659A5,CEEBDD47,4FBB6253,2
4FF659A5,CEEBDD47,5018A87B,3
4FF659A6,CEEBDD48,CEEBDD48,0
4FF659A6,CEEBDD48,4FF659A6,1
4FF659A6,CEEBDD48,4FBB6254,2
4FF659A6,CEEBDD48,5018A87C,3
4FF659A7,CEEBDD49,CEEBDD49,0
4FF659A7,CEEBDD49,4FF659A7,1
4FF659A7,CEEBDD49,4FBB6255,2
4FF659A7,CEEBDD49,5018A87D,3
4FF659A8,CEEBDD4A,CEEBDD4A,0
4FF659A8,CEEBDD4A,4FF659A8,1
4FF659A8,CEEBDD4A,4FBB6256,2
4FF659A8,CEEBDD4A,5018A87D,3
4FF659A9,CEEBDD4B,CEEBDD4B,0
4FF659A9,CEEBDD4B,4FF659A9,1
4FF659A9,CEEBDD4B,4FBB6256,2
4FF659A9,CEEBDD4B,5018A87E,3
4FF659AA,CEEBDD4C,CEEBDD4C,0
4FF659AA,CEEBDD4C,4FF659AA,1
4FF659AA,CEEBDD4C,4FBB6257,2
4FF659AA,CEEBDD4C,5018A87E,3
4FF659AB,CEEBDD4D,CEEBDD4D,0
4FF659AB,CEEBDD4D,4FF659AB,1
4FF659AB,CEEBDD4D,4FBB6258,2
4FF659AB,CEEBDD4D,5018A87F,3
4FF659AC,CEEBDD4E,CEEBDD4E,0
4FF659AC,CEEBDD4E,4FF659AC,1
4FF659AC,CEEBDD4E,4FBB6258,2
4FF659AC,CEEBDD4E,5018A880,3
4FF659AD,CEEBDD4F,CEEBDD4F,0
4FF659AD,CEEBDD4F,4FF659AD,1
4FF659AD,CEEBDD4F,4FBB6259,2
4FF659AD,CEEBDD4F,5018A880,3
4FF659AE,CEEBDD50,CEEBDD50,0
4FF659AE,CEEBDD50,4FF659AE,1
4FF659AE,CEEBDD50,4FBB625A,2
4FF659AE,CEEBDD50,5018A881,3
4FF659AF,CEEBDD51,CEEBDD51,0
4FF659AF,CEEBDD51,4FF659AF,1
4FF659AF,CEEBDD51,4FBB625B,2
4FF659AF,CEEBDD51,5018A882,3
4FF659B0,CEEBDD52,CEEBDD52,0
4FF659B0,CEEBDD52,4FF659B0,1
4FF659B0,CEEBDD52,4FBB625C,2
4FF659B0,CEEBDD52,5018A882,3
4FF659B1,CEEBDD53,CEEBDD53,0
4FF659B1,CEEBDD53,4FF659B1,1
4FF659B1,CEEBDD53,4FBB625C,2
4FF659B1,CEEBDD53,5018A883,3
4FF659B2,CEEBDD54,CEEBDD54,0
4FF659B2,CEEBDD54,4FF659B2,1
4FF659B2,CEEBDD54,4FBB625D,2
4FF659B2,CEEBDD54,5018A884,3
4FF659B3,CEEBDD55,CEEBDD55,0
4FF659B3,CEEBDD55,4FF659B3,1
4FF659B3,CEEBDD55,4FBB625E,2
4FF659B3,CEEBDD55,5018A884,3
4FF659B4,CEEBDD56,CEEBDD56,0
4FF659B4,CEEBDD56,4FF659B4,1
4FF659B4,CEEBDD56,4FBB625E,2
4FF659B4,CEEBDD56,5018A885,3
4FF659B5,CEEBDD57,CEEBDD57,0
4FF659B5,CEEBDD57,4FF659B5,1
4FF659B5,CEEBDD57,4FBB625F,2
4FF659B5,CEEBDD57,5018A885,3
4FF659B6,CEEBDD58,CEEBDD58,0
4FF659B6,CEEBDD58,4FF659B6,1
4FF659B6,CEEBDD58,4FBB6260,2
4FF659B6,CEEBDD58,5018A886,3
4FF659B7,CEEBDD59,CEEBDD59,0
4FF659B7,CEEBDD59,4FF659B7,1
4FF659B7,CEEBDD59,4FBB6261,2
4FF659B7,CEEBDD59,5018A887,3
4FF659B8,CEEBDD5A,CEEBDD5A,0
4FF659B8,CEEBDD5A,4FF659B8,1
4FF659B8,CEEBDD5A,4FBB6262,2
4FF659B8,CEEBDD5A,5018A887,3
4FF659B9,CEEBDD5B,CEEBDD5B,0
4FF659B9,CEEBDD5B,4FF659B9,1
4FF659B9,CEEBDD5B,4FBB6262,2
4FF659B9,CEEBDD5B,5018A888,3
4FF659BA,CEEBDD5C,CEEBDD5C,0
4FF659BA,CEEBDD5C,4FF659BA,1
4FF659BA,CEEBDD5C,4FBB6263,2
4FF659BA,CEEBDD5C,5018A888,3
4FF659BB,CEEBDD5D,CEEBDD5D,0
4FF659BB,CEEBDD5D,4FF659BB,1
4FF659BB,CEEBDD5D,4FBB6264,2
4FF659BB,CEEBDD5D,5018A889,3
4FF659BC,CEEBDD5E,CEEBDD5E,0
4FF659BC,CEEBDD5E,4FF659BC,1
4FF659BC,CEEBDD5E,4FBB6264,2
4FF659BC,CEEBDD5E,5018A88A,3
4FF659BD,CEEBDD5F,CEEBDD5F,0
4FF659BD,CEEBDD5F,4FF659BD,1
4FF659BD,CEEBDD5F,4FBB6265,2
4FF659BD,CEEBDD5F,5018A88A,3
4FF659BE,CEEBDD60,CEEBDD60,0
4FF659BE,CEEBDD60,4FF659BE,1
4FF659BE,CEEBDD60,4FBB6266,2
4FF659BE,CEEBDD60,5018A88B,3
4FF659BF,CEEBDD61,CEEBDD61,0
4FF659BF,CEEBDD61,4FF659BF,1
4FF659BF,CEEBDD61,4FBB6267,2
4FF659BF,CEEBDD61,5018A88C,3
4FF659C0,CEEBDD62,CEEBDD62,0
4FF659C0,CEEBDD62,4FF659C0,1
4FF659C0,CEEBDD62,4FBB6268,2
4FF659C0,CEEBDD62,5018A88C,3
4FF659C1,CEEBDD63,CEEBDD63,0
4FF659C1,CEEBDD63,4FF659C1,1
4FF659C1,CEEBDD63,4FBB6268,2
4FF659C1,CEEBDD63,5018A88D,3
4FF659C2,CEEBDD64,CEEBDD64,0
4FF659C2,CEEBDD64,4FF659C2,1
4FF659C2,CEEBDD64,4FBB6269,2
4FF659C2,CEEBDD64,5018A88E,3
4FF659C3,CEEBDD65,CEEBDD65,0
4FF659C3,CEEBDD65,4FF659C3,1
4FF659C3,CEEBDD65,4FBB626A,2
4FF659C3,CEEBDD65,5018A88E,3
4FF659C4,CEEBDD66,CEEBDD66,0
4FF659C4,CEEBDD66,4FF659C4,1
4FF659C4,CEEBDD66,4FBB626A,2
4FF659C4,CEEBDD66,5018A88F,3
4FF659C5,CEEBDD67,CEEBDD67,0
4FF659C5,CEEBDD67,4FF659C5,1
4FF659C5,CEEBDD67,4FBB626B,2
4FF659C5,CEEBDD67,5018A88F,3
4FF659C6,CEEBDD68,CEEBDD68,0
4FF659C6,CEEBDD68,4FF659C6,1
4FF659C6,CEEBDD68,4FBB626C,2
4FF659C6,CEEBDD68,5018A890,3
4FF659C7,CEEBDD69,CEEBDD69,0
4FF659C7,CEEBDD69,4FF659C7,1
4FF659C7,CEEBDD69,4FBB626D,2
4FF659C7,CEEBDD69,5018A891,3
4FF659C8,CEEBDD6A,CEEBDD6A,0
4FF659C8,CEEBDD6A,4FF659C8,1
4FF659C8,CEEBDD6A,4FBB626E,2
4FF659C8,CEEBDD6A,5018A891,3
4FF659C9,CEEBDD6B,CEEBDD6B,0
4FF659C9,CEEBDD6B,4FF659C9,1
4FF659C9,CEEBDD6B,4FBB626E,2
4FF659C9,CEEBDD6B,5018A892,3
4FF659CA,CEEBDD6C,CEEBDD6C,0
4FF659CA,CEEBDD6C,4FF659CA,1
4FF659CA,CEEBDD6C,4FBB626F,2
4FF659CA,CEEBDD6C,5018A892,3
4FF659CB,CEEBDD6D,CEEBDD6D,0
4FF659CB,CEEBDD6D,4FF659CB,1
4FF659CB,CEEBDD6D,4FBB6270,2
4FF659CB,CEEBDD6D,5018A893,3
4FF659CC,CEEBDD6E,CEEBDD6E,0
4FF659CC,CEEBDD6E,4FF659CC,1
4FF659CC,CEEBDD6E,4FBB6270,2
4FF659CC,CEEBDD6E,5018A894,3
4FF659CD,CEEBDD6F,CEEBDD6F,0
4FF659CD,CEEBDD6F,4FF659CD,1
4FF659CD,CEEBDD6F,4FBB6271,2
4FF659CD,CEEBDD6F,5018A894,3
4FF659CE,CEEBDD70,CEEBDD70,0
4FF659CE,CEEBDD70,4FF659CE,1
4FF659CE,CEEBDD70,4FBB6272,2
4FF659CE,CEEBDD70,5018A895,3
4FF659CF,CEEBDD71,CEEBDD71,0
4FF659CF,CEEBDD71,4FF659CF,1
4FF659CF,CEEBDD71,4FBB6273,2
4FF659CF,CEEBDD71,5018A896,3
4FF659D0,CEEBDD72,CEEBDD72,0
4FF659D0,CEEBDD72,4FF659D0,1
4FF659D0,CEEBDD72,4FBB6274,2
4FF659D0,CEEBDD72,5018A896,3
4FF659D1,CEEBDD73,CEEBDD73,0
4FF659D1,CEEBDD73,4FF659D1,1
4FF659D1,CEEBDD73,4FBB6274,2
4FF659D1,CEEBDD73,5018A897,3
4FF659D2,CEEBDD74,CEEBDD74,0
4FF659D2,CEEBDD74,4FF659D2,1
4FF659D2,CEEBDD74,4FBB6275,2
4FF659D2,CEEBDD74,5018A898,3
4FF659D3,CEEBDD75,CEEBDD75,0
4FF659D3,CEEBDD75,4FF659D3,1
4FF659D3,CEEBDD75,4FBB6276,2
4FF659D3,CEEBDD75,5018A898,3
4FF659D4,CEEBDD76,CEEBDD76,0
4FF659D4,CEEBDD76,4FF659D4,1
4FF659D4,CEEBDD76,4FBB6276,2
4FF659D4,CEEBDD76,5018A899,3
4FF659D5,CEEBDD77,CEEBDD77,0
4FF659D5,CEEBDD77,4FF659D5,1
4FF659D5,CEEBDD77,4FBB6277,2
4FF659D5,CEEBDD77,5018A899,3
4FF659D6,CEEBDD78,CEEBDD78,0
4FF659D6,CEEBDD78,4FF659D6,1
4FF659D6,CEEBDD78,4FBB6278,2
4FF659D6,CEEBDD78,5018A89A,3
4FF659D7,CEEBDD79,CEEBDD79,0
4FF659D7,CEEBDD79,4FF659D7,1
4FF659D7,CEEBDD79,4FBB6279,2
4FF659D7,CEEBDD79,5018A89B,3
4FF659D8,CEEBDD7A,CEEBDD7A,0
4FF659D8,CEEBDD7A,4FF659D8,1
4FF659D8,CEEBDD7A,4FBB627A,2
4FF659D8,CEEBDD7A,5018A89B,3
4FF659D9,CEEBDD7B,CEEBDD7B,0
4FF659D9,CEEBDD7B,4FF659D9,1
4FF659D9,CEEBDD7B,4FBB627A,2
4FF659D9,CEEBDD7B,5018A89C,3
4FF659DA,CEEBDD7C,CEEBDD7C,0
4FF659DA,CEEBDD7C,4FF659DA,1
4FF659DA,CEEBDD7C,4FBB627B,2
4FF659DA,CEEBDD7C,5018A89C,3
4FF659DB,CEEBDD7D,CEEBDD7D,0
4FF659DB,CEEBDD7D,4FF659DB,1
4FF659DB,CEEBDD7D,4FBB627C,2
4FF659DB,CEEBDD7D,5018A89D,3
4FF659DC,CEEBDD7E,CEEBDD7E,0
4FF659DC,CEEBDD7E,4FF659DC,1
4FF659DC,CEEBDD7E,4FBB627C,2
4FF659DC,CEEBDD7E,5018A89E,3
4FF659DD,CEEBDD7F,CEEBDD7F,0
4FF659DD,CEEBDD7F,4FF659DD,1
4FF659DD,CEEBDD7F,4FBB627D,2
4FF659DD,CEEBDD7F,5018A89E,3
4FF659DE,CEEBDD80,CEEBDD80,0
4FF659DE,CEEBDD80,4FF659DE,1
4FF659DE,CEEBDD80,4FBB627E,2
4FF659DE,CEEBDD80,5018A89F,3
4FF659DF,CEEBDD81,CEEBDD81,0
4FF659DF,CEEBDD81,4FF659DF,1
4FF659DF,CEEBDD81,4FBB627F,2
4FF659DF,CEEBDD81,5018A8A0,3
4FF659E0,CEEBDD82,CEEBDD82,0
4FF659E0,CEEBDD82,4FF659E0,1
4FF659E0,CEEBDD82,4FBB6280,2
4FF659E0,CEEBDD82,5018A8A0,3
4FF659E1,CEEBDD83,CEEBDD83,0
4FF659E1,CEEBDD83,4FF659E1,1
4FF659E1,CEEBDD83,4FBB6280,2
4FF659E1,CEEBDD83,5018A8A1,3
4FF659E2,CEEBDD84,CEEBDD84,0
4FF659E2,CEEBDD84,4FF659E2,1
4FF659E2,CEEBDD84,4FBB6281,2
4FF659E2,CEEBDD84,5018A8A2,3
4FF659E3,CEEBDD85,CEEBDD85,0
4FF659E3,CEEBDD85,4FF659E3,1
4FF659E3,CEEBDD85,4FBB6282,2
4FF659E3,CEEBDD85,5018A8A2,3
4FF659E4,CEEBDD86,CEEBDD86,0
4FF659E4,CEEBDD86,4FF659E4,1
4FF659E4,CEEBDD86,4FBB6282,2
4FF659E4,CEEBDD86,5018A8A3,3
4FF659E5,CEEBDD87,CEEBDD87,0
4FF659E5,CEEBDD87,4FF659E5,1
4FF659E5,CEEBDD87,4FBB6283,2
4FF659E5,CEEBDD87,5018A8A3,3
4FF659E6,CEEBDD88,CEEBDD88,0
4FF659E6,CEEBDD88,4FF659E6,1
4FF659E6,CEEBDD88,4FBB6284,2
4FF659E6,CEEBDD88,5018A8A4,3
4FF659E7,CEEBDD89,CEEBDD89,0
4FF659E7,CEEBDD89,4FF659E7,1
4FF659E7,CEEBDD89,4FBB6285,2
4FF659E7,CEEBDD89,5018A8A5,3
4FF659E8,CEEBDD8A,CEEBDD8A,0
4FF659E8,CEEBDD8A,4FF659E8,1
4FF659E8,CEEBDD8A,4FBB6286,2
4FF659E8,CEEBDD8A,5018A8A5,3
4FF659E9,CEEBDD8B,CEEBDD8B,0
4FF659E9,CEEBDD8B,4FF659E9,1
4FF659E9,CEEBDD8B,4FBB6286,2
4FF659E9,CEEBDD8B,5018A8A6,3
4FF659EA,CEEBDD8C,CEEBDD8C,0
4FF659EA,CEEBDD8C,4FF659EA,1
4FF659EA,CEEBDD8C,4FBB6287,2
4FF659EA,CEEBDD8C,5018A8A6,3
4FF659EB,CEEBDD8D,CEEBDD8D,0
4FF659EB,CEEBDD8D,4FF659EB,1
4FF659EB,CEEBDD8D,4FBB6288,2
4FF659EB,CEEBDD8D,5018A8A7,3
4FF659EC,CEEBDD8E,CEEBDD8E,0
4FF659EC,CEEBDD8E,4FF659EC,1
4FF659EC,CEEBDD8E,4FBB6288,2
4FF659EC,CEEBDD8E,5018A8A8,3
4FF659ED,CEEBDD8F,CEEBDD8F,0
4FF659ED,CEEBDD8F,4FF659ED,1
4FF659ED,CEEBDD8F,4FBB6289,2
4FF659ED,CEEBDD8F,5018A8A8,3
4FF659EE,CEEBDD90,CEEBDD90,0
4FF659EE,CEEBDD90,4FF659EE,1
4FF659EE,CEEBDD90,4FBB628A,2
4FF659EE,CEEBDD90,5018A8A9,3
4FF659EF,CEEBDD91,CEEBDD91,0
4FF659EF,CEEBDD91,4FF659EF,1
4FF659EF,CEEBDD91,4FBB628B,2
4FF659EF,CEEBDD91,5018A8AA,3
4FF659F0,CEEBDD92,CEEBDD92,0
4FF659F0,CEEBDD92,4FF659F0,1
4FF659F0,CEEBDD92,4FBB628C,2
4FF659F0,CEEBDD92,5018A8AA,3
4FF659F1,CEEBDD93,CEEBDD93,0
4FF659F1,CEEBDD93,4FF659F1,1
4FF659F1,CEEBDD93,4FBB628C,2
4FF659F1,CEEBDD93,5018A8AB,3
4FF659F2,CEEBDD94,CEEBDD94,0
4FF659F2,CEEBDD94,4FF659F2,1
4FF659F2,CEEBDD94,4FBB628D,2
4FF659F2,CEEBDD94,5018A8AC,3
4FF659F3,CEEBDD95,CEEBDD95,0
4FF659F3,CEEBDD95,4FF659F3,1
4FF659F3,CEEBDD95,4FBB628E,2
4FF659F3,CEEBDD95,5018A8AC,3
